x,y,z
8.927091035153632,-17.27170487459996,7.72455081256078
-0.5146028458159971,3.7133013232377663,6.604667390346418
6.141806424762096,-11.188338064748887,10.438596752650954
6.998778495458905,-10.146784197853584,6.937106350291048
-7.5378866886959415,12.818930238236005,7.195763423452595
-7.151605135861908,13.961160488763463,7.3394378737039805
-1.1852562382883534,1.3700859567583623,6.424602668728061
-11.345215153831681,18.937387593663694,11.148826579204966
-5.627193828685044,8.489436761003013,10.212273359645417
-4.742208686441612,10.443145431043947,10.31804812586345
9.56912189974275,-17.515030337685687,10.988417305697935
10.975924948891533,-17.225847276709604,7.752960034172904
4.648542236735477,-5.725125448212125,6.598102897901354
0.541702897080091,0.864107817125753,10.035238050318288
8.214473809108192,-16.960728158583024,10.898294561906843
7.435257778828005,-14.593377015169315,7.409030452215764
1.2381133859780356,-0.35391012852421827,9.951236075938297
10.401830751060485,-18.111043313333372,7.850531912289475
2.3224166764443166,-1.492632153236609,6.5250041581780875
7.060645471646476,-14.657102048550625,10.670976644645068
-6.450841545583107,10.756111831500007,6.943902738529185
-1.1589251241326082,-0.643632470284971,6.50963292377215
11.018422583954829,-18.304417193153803,11.051870995308441
-1.3251770866654635,1.5551807518392395,6.415098356538112
4.918121297025909,-10.888608589695334,10.344931105808278
2.8072786092032467,-2.431903247468306,6.565422044402544
6.381754110704685,-11.669096379312142,10.4117962048888
-11.022257186613125,21.14836264370934,8.372539402036164
-6.574693067393217,9.197704710694268,6.827757089353411
-10.238990508179356,21.470429471249233,8.478113216997793
-7.58081415888508,11.123690352668856,7.05335948562189
-9.3375613461482,16.202476960499467,7.60734274728952
-6.516118293373642,13.702928449594964,10.631655441168023
11.466425689160467,-21.97404914280368,8.586958464120906
11.490998070762224,-19.191124469099503,11.135732107944971
6.217368401393626,-11.458078542024703,10.402634566859465
8.792608863355841,-16.144802533944617,10.885416814277743
-3.35508375185675,5.226543991242069,6.532177470259918
1.8701399744461495,-2.559267293773771,6.5127334717142915
10.474334553292826,-21.077808735480613,11.4513341872191
8.15000138196403,-13.116216628534652,10.586481066754812
6.866262749428877,-13.575809481516126,7.298615634374678
1.0194218197503433,0.8983611713908219,6.504668887059247
-2.79635462608299,2.3960641178993547,6.570242574234242
-8.999762976213733,15.52398098542628,7.551372683607704
8.170831163505637,-15.803848764206899,7.587373237332768
-11.503744921113963,20.10098089235427,8.205827796533029
-1.024031143354623,4.618064132188848,6.6199344261992135
1.6567666177936848,-3.1572809178922943,10.006779424983874
-3.404580488471835,6.280812073525088,10.10408353654988
-6.40724190373983,14.404967088050855,7.35874441207957
2.7134564660335347,-3.1704261338083524,10.016406340598095
-5.90948216111857,11.767309898211225,7.057643470850776
-3.171100133382183,4.921618332397927,6.536072659747745
-11.871967983058232,19.919097135084776,11.327716639190644
3.2981642529799915,-5.191506767143739,6.608641957275539
-2.8421823470407395,3.347751005145835,10.085284286605283
6.3537273983808795,-14.43624738954332,7.355520511382539
11.909245622500123,-19.918306621927496,11.260567414764926
-5.286117325889725,10.56360609014997,6.937502557054813
-6.4413984118663326,12.705301199065586,7.15240969247172
11.148449569579316,-20.348039790854187,11.297615645970055
-7.25351595041985,11.430265853442481,10.381343045158047
-2.41199981218281,2.511882694956704,10.003486054357332
-4.938636420084793,9.968366466528078,6.931240908908172
-10.33236513473893,20.792040084617582,11.370919054256579
7.358140478288325,-16.248114578056935,7.581966963304348
-8.73986196348141,15.995251550176526,10.867589434762976
3.6943110146277505,-4.972114882970854,10.086394616060943
8.622125354604758,-17.499416524569487,11.016800781362532
1.083264301326646,-2.8514900924923476,6.529394672270543
-11.21827848649305,21.443434524194288,8.465537999542173
12.409758791727226,-19.92960926618748,8.206616614719795
-2.9874874972713323,5.482885777409816,10.129834542317887
-6.7190976657111285,15.099254093659086,7.493526214515476
0.7767602301422035,-0.43904810934444505,6.510226071838524
-9.326833041949552,17.904017492116214,7.872717883194869
1.2747643333497491,-3.297828033340958,6.461981785542242
-2.828173184582342,6.06250650077672,6.645258587186094
-10.082067324454458,16.653899411160037,10.85523539231074
2.224053317544326,-1.342170927027728,6.554499041211455
-9.038465646490081,14.64157524090187,10.66071430637653
5.712994819047545,-10.378001499272171,10.389881087522625
8.97851433895628,-18.332737661296512,11.084449093092635
3.0821658856193093,-4.657912515208613,6.570395808299581
-4.577785744280953,6.576613408014605,10.138450571982904
-6.659321864435312,10.338105726504068,10.301691482829172
8.835626763372224,-15.24748899296827,7.538843292696672
-13.079266004958859,21.218502885738346,8.397600849159478
-6.971578537854059,11.82225578995026,7.022772954258009
10.779608855481163,-19.726857987810547,11.24206622117742
1.2207084198227374,-3.0166674518783028,6.457803334019066
-2.835276697052131,4.323537873289133,6.565271957801861
-8.40893211006949,18.10584980957417,7.889723789421239
3.609646357408647,-8.505063502962889,10.243337035280824
-9.625694538407194,19.370626270968376,11.224984699410877
2.979631560939615,-8.26512389947417,6.8230880137024075
6.1297904157621526,-12.138643034068915,7.106931832680684
1.4845472366994363,-4.592340500741574,10.096709717024753
6.3663481035019815,-12.600155849492856,7.129020985991519
-3.4923015746908246,3.644757115023161,6.601240077936448
7.506001634820654,-10.896168458900732,6.986012838776657
-3.144615834384563,4.029532191982524,10.015809092647547
-1.5769032217357417,4.740840475104157,10.113129956020428
-11.678430612641977,20.59213202881267,8.267712891508914
-9.742517441022791,15.156574232946188,7.437029430280417
-5.02814136809391,7.386144008484272,10.198161319419992
-11.196423807518093,20.420048750233743,11.299148985176219
1.5525148640267128,-2.7558836555393875,10.003267744501672
10.660929197277033,-22.38222473750961,8.60010499143006
-11.361953922041375,21.71645333887938,8.472505112883134
3.79860845814513,-5.12926450546408,10.061811761708212
3.5241887982459135,-5.488788588224863,6.686410869251082
-5.891063656412328,13.485260327442932,7.320461877511686
-10.585325720919531,18.50688824397914,7.961590436271755
-2.5782613743844247,2.8465069664939664,10.071015576595828
5.947105087969767,-9.866428904333576,6.9254034675343386
3.666802598193317,-8.539494890627308,10.21926888070794
-8.008584727779,12.882084188406804,10.520229570807833
-9.526016562055707,14.697339615130192,7.415712850114179
-7.467887107720604,13.634187009916749,10.641731047797064
9.280686564215126,-15.21584480014571,10.778617472706609
-8.00956127016231,16.47678362813485,10.899487412693361
8.281948909754885,-16.964443458358396,10.902609319244913
8.596683423468056,-13.83414520805458,10.665993672969579
5.117001456482389,-7.442135172328584,10.156062375367794
-2.666925500321248,7.693995563972437,6.7301732695360155
2.923702445678873,-7.167620525056721,10.18605996005221
2.070127073633205,-6.507420013990228,6.7041230612943785
-5.6599736133336,8.56102074781746,10.19966251475278
-11.860730606843719,21.75758271760955,11.51709021449444
8.836863498402735,-13.488406701910495,7.275398706126025
3.900037422694844,-4.371935420498087,6.535314716882103
1.085004671835301,0.6585685759293257,6.53707562996934
-10.093012914421696,16.695532018368315,10.876253714932261
-1.9583348052136618,5.432433870883139,10.114288826426527
4.850514093100822,-9.890191484863493,6.895753265347795
6.6838177423905165,-13.18563547768668,7.200003913335336
10.473139357809913,-20.952058560828355,11.395188382482987
7.714602322504771,-14.20783284693199,10.61592872851324
3.5862398186644038,-5.571554274781546,6.632741379378026
0.9142449102419826,1.0932703812934423,6.501743074186801
-4.272129511636029,6.850530689743624,6.664774778693054
-5.992167084176652,10.041095318995419,6.855475718519826
12.567561356352332,-21.127020381219033,11.427866653445895
-4.849626721795221,7.094809201863316,10.129429112916748
-0.8450994818822193,1.5768599662838603,10.050194891255048
-1.5457054371028094,5.543264432138549,6.653241034407535
10.106516019475466,-18.452776527886172,11.092251156767006
3.9330140013649206,-5.294428965800495,10.04626749708083
-6.05400567469579,10.240835875841986,6.923815571790397
3.3618479762100035,-3.363633094276386,6.516414642383891
10.0163932684597,-19.291563459875114,8.077051663824284
-8.325691684002072,16.147181183553947,7.628631898006944
6.492762592021158,-11.852924817161457,10.41542281897002
-7.154630947069277,13.98186084352358,7.367655652231507
-6.062255573088551,11.010018154180832,10.375786458442668
6.098782814898105,-9.398280680483786,10.283141585937765
-8.792418343966396,18.05896682782088,11.079542162583484
-5.633459483877936,9.30780711333331,6.878830677859382
0.506414896818278,1.8212736225883706,6.523350352575179
-4.791353504542751,11.530176180431814,7.0585606917670365
4.950034629623313,-11.910329723870545,7.066431875608013
8.794327195726497,-18.874745212933867,7.983676511025559
3.3110243420881664,-6.887427442121447,6.620168177394962
6.485452516210649,-10.107513290290935,10.338656073632281
-8.186697872672035,12.15581475430644,7.1203685720838825
-6.943426758045865,15.544880321039853,7.55280560665451
3.2850623588741485,-7.001719154395976,6.647288153050985
9.5883110605866,-19.437794919803498,11.215857997862722
6.964345369114628,-15.507602923760963,7.564952082592909
5.038855092802824,-11.037479837447592,10.35097615013961
5.76878423228279,-13.229476023259455,7.288700057281949
2.8146522747660874,-5.197524858987661,10.059295860131396
2.579437529176201,-3.8588724853895098,6.590418646003365
-11.602189166522503,20.335012256447996,8.320397510487245
-4.199039135367725,5.872243219064092,10.126212863452528
-2.56164127137334,2.8739967183556234,10.067657093394406
-9.201614334135824,15.066092155282245,10.782008034105418
-5.3988131960083505,11.668497778394801,10.39984253925992
-7.011892892340091,11.914648353498396,7.023361449543763
-11.35056965595208,18.84969172229903,11.191006618114827
0.10230480278089392,-0.1584712451558514,9.965504592025312
6.764777887594516,-12.440987302884777,10.533126044119351
-6.092086572330285,13.075500496498254,10.597271407582959
11.448759915412339,-19.04456350688439,11.173900913439674
10.579167515387912,-20.33055139183704,8.308144893157033
-8.57563745700386,13.907705064869315,10.606089281137754
11.22901730701728,-21.539739428458226,8.478445185458888
9.178122932554608,-19.557290630174524,8.168285587849715
-10.48057787812269,19.163083183983485,11.171149434915714
-5.449045675977109,11.828740333022374,10.44486162868306
2.3043685335288755,-3.300163496938331,6.614179693601431
-9.208702308139117,19.56012796747619,8.129792607411428
0.6232778549781162,-1.1857205130497364,9.96144597861851
10.107968678105019,-15.668945159091964,7.607734986392068
-6.261687477441306,11.511015092719072,10.419554403117067
7.861626516309219,-15.383972020571685,7.507019841816238
-3.4891030097955773,3.668139718754475,6.5251175724782415
10.775964433335725,-21.503263832608493,11.470201530943458
2.61415893128895,-2.8746391791580375,10.05487289072291
-11.161324857077377,18.57785029910133,11.076691053700854
0.5263568200483681,-1.9585193183688436,6.46245038283847
0.08860420567338512,-2.028835702573671,9.970621560775191
-6.900722682269977,10.883287046672075,10.355074663312367
3.861405142485176,-5.293657025370835,10.086576931561941
-0.6319114694104658,2.0482290700987047,6.508678080453877
2.2466310417076705,-6.767380264417627,6.655309599223274
-9.31243910466652,15.286393876313465,10.773027509081238
7.23032248674954,-12.213362858287084,7.140196839301936
4.495334654236721,-10.985501504240418,7.006302392415447
4.036320521422228,-6.46288250750434,6.669480846997613
9.189391700380009,-19.591244810615834,8.12449477978807
-4.512008320591071,5.602581831531305,6.603726263322642
-3.5422096689828675,4.709136609676317,10.043375780815714
-8.93059494247208,13.62825777903636,7.2549581079330885
-5.853630677617769,13.443430536568044,7.267923400008682
-4.121530218821951,8.442716294647912,6.7707831116197426
-1.2831836150990643,4.106899825551642,10.05570623114987
-9.036772374077195,19.202868465422696,8.118138076544339
8.547848299955898,-14.623573783792471,7.379544019367213
-3.8857823230114277,4.391901517644189,6.631872750626262
-3.2705904435638304,8.708903323096418,6.845045161605627
-0.030424599778044542,0.12271335586083114,10.007579887400198
-4.3836199519256365,9.900777449783245,10.344308856025664
5.812884337712583,-12.479490995792016,10.504046866065117
0.3988018411098461,2.0357022683090293,6.566332803010801
2.0661369923800263,-6.537969240097457,6.71284606414767
-6.779076373151768,15.053204906976363,7.435547522433618
7.539190315831666,-13.865274758181933,10.62990330089846
8.607760108016885,-14.800982602778427,7.4355369432527105
-0.7880844312671329,1.44192760110018,10.019975514300054
8.530100012204576,-17.493273064810786,10.967495243490704
-2.9932658894530415,4.500488702720478,6.572017958920962
3.93835698517409,-6.199291703512168,6.64345598740364
8.35003835922947,-16.23905860195292,7.601374406295798
1.0168517790204916,-4.583892427823432,6.603006459373288
-1.969962335309377,2.681766566790379,6.4983622362231355
-5.6188435340288425,10.369945103138562,10.347048373770763
0.46950206147912615,1.9077656695945546,6.522099342977208
-9.751429669060714,19.70087389239614,11.20715658584254
-7.81163131819406,12.484550591311974,10.540752294455952
8.506635081634084,-18.23651892691563,7.942009263212486
-10.382776758147587,18.922742186308597,11.155760168532128
-4.748289573290448,11.516454616154919,7.073187301082866
-11.629920158415601,19.56004703261559,11.260954619228878
0.20665550939242858,-2.1561348603420414,10.060573003584027
-2.9789409626318744,7.292514889926957,10.127943667508829
-5.2076755841012226,10.447085644538705,6.9498137120713235
-0.9920495808111045,-0.9657788188720839,6.486336168842785
2.610099870618919,-4.722746274631586,10.042069282300279
-9.478394701467861,16.490364452853424,7.690477472432123
-1.1656296679617546,4.810709834817646,6.63328345055264
4.325412043498633,-10.77249240632502,7.007364500583773
7.746674153465826,-12.373345323434759,10.457782533071057
-6.4828922827361195,10.046052724910643,10.356606648592981
0.8193617074056226,0.42808831898447813,10.047390716491009
-4.616868498916878,6.698578586180114,10.187835219695693
-5.247739351078347,7.760678828686771,10.217557509930472
0.6861811319943915,-0.42500462577990805,6.546513958318399
6.080108462911258,-13.875854204846986,7.35896093103112
12.603740709990412,-20.26371481321573,8.3098525569136
-5.540146188876315,12.808280055482296,7.202424456271434
10.282099326761783,-16.05259947541615,7.6530490930113935
4.38127999713371,-10.698134234330418,6.939647324323897
1.643632621247211,-0.2977313326775966,6.547480144865105
-5.645846235745686,10.251233787174293,10.335317986630507
0.9698975872279276,-4.580374711934148,6.627613372540962
4.251944412756878,-7.896194541135712,10.180318254396733
10.6414191051331,-18.618618816002872,7.963029460411425
0.18810428641040414,2.3734920124485415,6.52117237996393
-6.119943526088708,12.090769844587227,7.154513059172903
2.2113605047301763,-4.030963272325962,10.08104434746945
7.248679139488467,-15.096568463060555,10.690089462982412
10.622821817322565,-17.56413647226235,11.03190841831292
12.146149218735214,-21.366546954754618,8.465174224878412
4.7387618060748755,-10.479051630387811,10.326090841627028
-4.80217317770682,6.0267126421666095,6.628627340213211
3.2578156363369777,-7.862604608517734,10.180976974703738
7.909828819950539,-14.481741748792098,10.70606044278475
2.0301902083588623,-5.4738942783527795,10.05804760292482
-5.509767258232178,11.073805802691417,6.995256713639754
1.5878359285297154,-2.8622021058193856,10.016565998952792
-0.9586698136616524,1.6264323073621525,9.98483392499867
-0.16139449639931108,-1.5256672014885277,9.961730847098009
11.770155782161185,-19.760980265358253,11.24685280096188
9.303434087975214,-17.98651826881335,7.870432923495401
2.9466825205045333,-6.261842452074623,6.596791805367609
5.829634337432108,-11.507278192603163,7.075606835812332
-0.35408122723445945,-0.3905066515170366,6.495209688153428
2.8123300462309713,-4.203736813584017,6.546578414108531
11.964510007707599,-19.136349551203587,8.079743292496161
-1.985885326084633,5.544529902734531,10.111883056910726
-11.289686398892421,18.73776555309265,11.108681726481267
-4.3352710217939565,8.796077322774993,6.853352397272025
7.672971807293323,-14.097744474824339,10.673471508532026
-1.8225474939212274,3.3088947226476417,10.049065631097353
10.490551822658025,-17.30129845794885,11.003090294356525
-8.31645338207702,13.32818714465071,10.561490724512367
-6.356318189864172,11.583406027047587,10.394320683161466
-3.1734192394906215,7.610068135665403,10.156227022659962
-1.786088400773044,0.6466544532735151,6.541793646506621
0.5283612143642448,-0.011595721885725808,6.569021627427316
-4.4576219143095255,10.103128433965951,10.363454773324415
-11.085503043013196,17.6152492495399,7.856053584123852
10.36727160971808,-19.953286682838066,8.178197563068855
0.025379916084031486,2.7835502925182705,6.541151208634608
-8.282904986891614,14.216954889457448,7.316702684828603
7.965232118125157,-14.553543702428305,10.705161111590776
-4.89687017158699,9.04948810575028,10.289747877902377
-1.0402268987768868,3.8484859497498363,10.063332852038556
9.827623659765921,-18.809004670604885,7.982934747741972
10.267410973353211,-17.01358225434009,10.932419564894575
8.990954886304408,-19.132710192510597,8.037592922266128
-7.572621071707779,14.818526797268895,7.392249800791317
-2.586989513341759,2.9641069405721368,9.999142062632119
1.2791059825749822,-3.2791247319645493,6.488367969049745
4.70481928677077,-5.885561389375388,6.651292861083906
0.7021514256559663,-1.265775813532831,9.960853965502224
0.5534619618882212,0.7544850522191966,10.050571083209404
-0.3360258341080904,1.453259167580321,6.567398804057251
9.079482035546825,-14.802324089799743,10.680494464748485
-6.043872812580048,12.974260979609172,10.548835760235905
-7.298361661540702,16.072956445554652,7.60406951371505
6.520421669930595,-11.057014093769714,6.997260829015168
-10.566147039359917,16.520536352029076,7.626205183506597
-0.7798756672830409,2.3591758476053677,6.5872941028789045
-3.9521212141166546,6.197149621680555,6.608111682587487
-0.17621846983634246,1.3265146971691721,6.534417603323842
4.900692652837642,-9.939594557139419,6.870614672104398
-4.3584387079436056,7.078658691393774,6.634645592772622
-4.126414306457714,6.666826485558447,6.675812037781353
7.028147384713072,-14.68558784336209,10.71592469161651
-5.7932926385526695,11.558325295958415,7.107595980690955
3.9967087684557585,-9.129437489605953,10.238639932101822
-10.887274992476083,18.15435344094784,11.027604953084342
-9.399630518286978,16.232897749565247,7.6451226248010515
-0.7146492130190883,3.138181728119194,9.98324093020013
11.369903009610738,-19.826925040040255,8.169735668037207
10.294225396794994,-21.63333192043731,8.472875916125401
-2.0338498002332193,0.9963294670383439,6.5483676328844345
2.8871813242247137,-3.4680132909909815,10.030182020302556
7.511924260711972,-11.9146859198687,10.494887753738332
10.02143687539356,-16.553244796393777,10.838732595027011
-4.078776996189711,8.364392501123362,6.85854881171607
-5.487126416874929,12.730226286621747,7.223261430744727
11.190084523144423,-21.368396432692226,8.464651636896466
-9.300486780122483,19.81221625605717,8.21014610458466
10.062024167671737,-18.478505446487038,11.087014817608575
-5.125923323727754,10.278951660370826,6.916171754156593
-1.0213437297678973,4.489492418786623,6.596834449014991
-11.272521511526215,21.499201927681696,8.43286113805054
6.756328420105852,-9.599607933402797,6.936685778764059
9.72386272839875,-17.78129999653879,10.97712445392487
-10.571070914411642,18.366189365006388,7.925645475231359
11.410250533262223,-19.077919675609476,11.158574015429185
10.657116065469989,-16.718515374139475,7.6723120832796905
-4.94127160090018,8.13284998932398,6.770482262912268
0.8580378841477023,-2.4218750470464903,6.441205982395943
-0.12727025862647073,2.9029044684443894,6.489843445183805
4.003820301011492,-9.201409366883649,10.269531894979513
-0.29258060025724114,-2.1906017095930794,6.490360775948136
-0.8702956890601617,0.7707376046802948,6.443196620991477
-3.651141660186908,7.541021446669828,6.741677240689742
5.8005360458212065,-7.9426540469793485,6.758930009881515
-1.3026642594465299,3.345950146924807,6.592448734498428
0.27992888788505405,0.34224048097843374,6.482468930732295
-11.365579248271823,18.89437631808718,11.158818969832156
-12.664246329783309,20.428053587911045,8.319061071483292
-10.290649140582664,16.156982018905,7.615877933400169
7.258437192312156,-15.936843450317081,7.568285533316224
4.108061720634288,-4.762496003376994,6.633417461346857
-8.746338264557846,14.976013074781708,7.460131328987382
-9.436696840660483,18.227064487542126,7.942566008550038
8.122199569783803,-12.069218957185958,7.128001133578291
1.6234514608369426,-0.2928667868452089,6.505610530488159
-1.7247881338161375,1.35147546637811,9.963721327121235
-1.4469201056323184,5.3675354793690495,6.618678836483493
2.0605440978395864,-2.7290834286248487,6.5357754503173275
6.29794801493498,-14.23683423225081,7.354606030899791
1.0402462230473908,-1.9185788952375813,10.001744155142065
11.771456896969159,-20.629687217995368,8.296676940834022
-9.245739571626075,14.232500471480186,7.379626189618135
-1.8763588430640223,4.408683164999233,6.611945940720025
-4.664492393047632,8.565321389722152,10.235776762467012
-4.916927417108342,10.761688382683829,10.336001011950502
0.6250777117674086,1.7163100285381554,6.532982506306682
2.3816588753539736,-2.5293004718078005,10.028017731959524
-5.031082582998608,8.353734506486546,6.745424513042349
1.725751409967211,-0.3981633544240891,6.500116040609267
1.9704669682893803,-6.298990410525735,6.629109456973677
0.7099812885093998,-1.4047109847579364,10.00696327981054
-10.16290871609466,17.637393245034634,7.780167125180026
7.309887161873688,-15.107135123969135,10.723951231445703
-2.397002681379875,3.434285719269473,6.530264384933709
-11.557547764525328,19.42326907860743,11.23244504412018
-3.6497128661480702,7.628271059885859,6.740379451728202
-11.323557625727858,17.945687188144355,7.835689866648383
8.199021981869677,-12.34717996391224,7.11922140632858
-10.735308954956883,16.863189827089382,7.716103777498679
4.86254439802099,-9.718125885197688,6.821919859049404
8.22582359753339,-12.36424730500603,7.183752352193684
-4.9229256987146375,10.865102803660655,10.386921300874526
11.13876888984847,-21.285859519279192,8.435841726317188
11.702141707470638,-20.555926024714342,8.242802160915527
9.63013788501811,-14.81553142972767,7.460457102919706
3.146841604975533,-7.65042135933281,10.170888712185606
-1.5818483651171416,4.72608169717367,10.044329738548333
10.507307879534206,-19.26854507886907,11.232896841327474
3.8886892934396218,-8.123055805974975,6.72508285294635
-2.0992408995229233,2.893419629369404,6.515939516950326
3.207743739046692,-4.030439011785393,10.061973568982133
-10.934388906810382,20.08245511602105,11.3414624562393
6.920601339097415,-10.869978651686075,10.42620020895676
-7.991157228371858,14.581183899986312,10.681319478553931
-0.702678386245322,0.4413136385230788,6.405227975248012
4.4842315652546665,-7.342719579496898,6.771695273250886
-1.4425083376361374,0.01880688072705585,6.486342846882227
9.269519576021573,-18.813194627235433,11.119151618438968
-8.4510256630221,15.39610375407125,10.726738027708528
-11.174952015775936,21.308631890829346,8.44275005797363
5.686231004808268,-8.529213875275602,10.202850713886564
11.549802208338058,-21.117540239213113,11.490059352078971
5.826682218684949,-11.653015672056604,7.063207130598076
10.3361060876071,-18.039780763035193,7.885375505773653
4.770360943480252,-7.954425899077115,6.8154523855736135
1.9717300561782638,-4.561597272272311,6.556980470797584
1.2476032491872426,-0.5234996366666598,9.967790569022984
5.876708764450936,-8.965783644756677,10.220418566066279
-0.9959039030298562,1.885652850589954,10.04397525450199
3.987243855952869,-6.438200794034134,6.728137636719436
-1.6393577537199295,0.292896913864954,6.479441179378668
8.011587143862135,-12.937799608362637,10.547527131482603
-4.729296217533863,5.9116751729449595,6.644634471333095
-0.3007689945365204,0.45684349267630797,9.991113910603477
4.790813399077616,-5.9606375672855485,6.689902470816973
6.421629653522644,-10.826982500281554,6.983308408978795
7.563216149587526,-16.630066370356012,7.631671706717003
6.68582094558082,-14.184689000200851,10.68480186104901
-3.2610809017443145,7.7776557371437764,10.1724683972278
-5.139051168339242,11.211726870492688,10.357101779784207
4.824362689459622,-6.018665834061708,6.640712793849206
-10.347200036123109,20.781750110943438,11.420100888444203
-11.126336719652793,17.639231992228304,7.782803519872996
-9.507840784769312,14.661192608164614,7.40868563088355
6.074740931340075,-11.147796677871424,10.395026588770657
3.1325535648395397,-4.729805217794182,6.571677994278835
1.1885171688293545,-3.1527492281009013,6.479543066249346
-1.8884865183749358,1.7188749780579091,9.963393199401786
-2.3660667250332597,3.3879229693893422,6.5051318195892085
-10.53850295809984,20.22904163596438,8.2731647078422
-6.846701046213182,14.458692204568777,10.649176699667281
0.13377067176720486,0.6585809165175824,6.548782380449554
10.48106365586877,-16.461599487205586,7.682666555929356
-3.8573835717352214,8.93914051631235,10.246233036471871
0.9937499224718433,-0.9341156900222365,6.510188500023741
5.796537578969181,-12.365932298525568,10.451330826721922
-3.035667341993825,4.597245749838234,6.5797748961413856
7.7822682552450795,-15.100942485203543,7.411351478065737
-1.1389622697041868,0.32843485501052005,9.973426308764735
11.586928181236832,-18.5568164147573,7.973238212483485
6.535758526277221,-11.940705744272847,10.466495755216995
0.7342794676068517,-1.4279970773465054,9.993125796391395
2.1073018229539078,-2.0208505319631533,9.978708119958457
-1.8503373830366037,1.5607925325525704,9.992277304025418
-9.203845582821222,18.641890936322937,11.144851856463985
4.70797663339089,-9.56221043145066,6.898980115031318
4.892389722616939,-9.9097713694936,6.895182417132079
-2.482844041125695,5.4394260333358195,6.676765145519685
-13.04650097652062,21.191892354709143,8.43286891314505
-8.509682468691366,18.369704799002886,7.933304152136509
3.7169066379503795,-4.028350688353152,6.575103526423497
3.9043951961083536,-9.05728258028687,10.247487984914269
-11.04682088060851,18.29627452169717,11.063358639628477
-7.9822091727056765,11.871834685889135,7.073828172059178
12.92714860682108,-20.909857288319323,8.397298270096192
-5.569963724147526,9.230076808631678,6.813659720896083
-8.149687940265007,13.934540166955907,7.324057770802831
-1.49951557786225,0.937104145222199,9.966588336307122
6.9968917979636345,-11.876758654923684,7.1344292590374305
3.278690220047189,-5.05572745011875,6.625542905228594
-4.213500526840168,7.735268817553523,10.233516214728816
9.856172091082415,-15.198839847825129,7.458327465723138
-4.476076642009837,7.337074911522641,6.717263801665651
11.252069262958535,-20.61992080822399,11.388076505487616
-1.325510988558827,5.154784643166577,6.630728180706401
8.080166420076765,-16.65237409583555,10.937574118839597
-5.563484454522229,7.398119724263622,6.731724705904789
-1.0062025536620631,1.953588251274935,10.051876780533812
-4.244516303657516,6.967217117909279,6.635287416295512
3.6193450090550336,-9.428647879510569,6.876151613438031
3.280940703546319,-5.000732772171654,6.662322142024905
-9.479106236563112,20.06420709943567,8.220440678223147
-2.1633033481658748,4.017712649027195,10.062449825762421
7.994456219673791,-12.72506088586498,10.472929931026634
-6.696456648037786,14.914105714198117,7.417290764321227
-11.45108319416228,21.878844417709832,8.569230801813855
4.629987699025756,-9.400403955845457,6.8822655791171705
11.559605283179136,-21.222115608380523,11.481410527958491
9.673753775880694,-17.67975449470433,11.047692595570176
-5.089745697542101,9.257486755295293,10.325928685250142
0.45456520259284044,1.9897696122647694,6.503055713731843
-10.101277081161921,21.140368963240803,8.45951239384533
8.266798423464474,-15.045115468062448,10.73874053484476
-4.794034732883022,7.903855227738475,6.6866982272020055
5.1867537294695865,-7.6085028995632635,10.166200303773085
-1.5784514958481108,5.617656664714312,6.595388816907588
-6.535688558563396,14.703278453412052,7.456891284236491
4.305533168184164,-7.911658265804612,10.226179979301817
-5.865557633732134,8.886870664374253,10.294622224422152
1.9842544785705374,-0.8737918090741722,6.50704250168953
5.107941590612314,-7.5566795243633536,10.16055347484023
11.754094472852822,-19.780535481134564,11.224215965613102
1.800794909474307,-3.244929438737483,10.07186640041271
10.35946202130658,-19.916038466626144,8.173634067521428
-8.000021112432727,12.818950159404041,10.582634618620391
1.3006928429561533,-2.3061303419414503,10.047108988023618
-0.23516253712557011,2.3137400161058848,9.96984244529438
-7.2306355498458705,15.094509846309485,10.687299213129192
6.013958372918355,-10.07827675992666,6.938427457470806
-4.140511457491594,10.233538261644046,6.983164250912344
-10.294125588502094,21.53343129571122,8.510521891160687
10.254202800165013,-17.830052367237492,7.8878465848212596
10.537979312083626,-21.945933771001904,8.542916139771968
10.871417290708726,-18.123258084089947,11.086691718451592
-6.900959625788679,9.806907965327586,6.881492345557606
-6.700253448721843,10.516728058532026,10.314597892667242
-10.255979439463205,21.521432147927246,8.445627342657057
-4.706753762068902,9.441083859574046,6.870225871787067
5.5732528813533,-8.324526413968037,10.173436001695967
3.3822494576587094,-3.504048804313119,6.565451856653467
-11.051778885142618,19.213924380320346,8.040724472998678
-1.1164782992151983,3.0630770258231363,6.545847725550617
9.935440494257916,-17.37451475331254,7.800503485341269
9.74983316349351,-17.897935640496495,10.99520205299358
-8.636093941973055,16.66439385560132,7.672648089753493
-2.0716695018827087,3.758767258822167,10.04862432101281
-11.192907119847979,19.47953813378315,8.167254342766725
5.574373753326631,-7.485160445677687,6.7776802909767175
7.92716484507491,-16.42423339217627,10.83769342404397
-10.658622068433436,16.764151014990485,7.6688874813077
3.518565901160907,-4.6688261670973725,10.07206611464522
0.5572288271465468,-1.083102183459366,9.97127632263331
4.272418806817841,-6.937772582066129,6.716286143992332
-5.5770543940916575,8.43588688471906,10.192965863569775
7.124203274735374,-12.125319077191236,7.185415919091308
-2.001413066723436,2.789939336728972,6.485645030426332
12.668447136736814,-21.33130092150236,11.514525997016754
-12.67485371382964,21.330585187644157,11.438729599833588
2.6352611846291065,-1.988384505966637,6.551242746597673
10.245631328503809,-21.44697342460605,8.454914751961647
-1.0957103276764357,-0.7110224739944422,6.537714655184371
3.7156924553287354,-5.896298736342182,6.618304283666426
11.261389151730032,-19.688115958695736,8.133333931149174
-2.5386797086020256,2.774227069344747,9.998230854196713
9.27005940941696,-14.175025324769532,7.365626080229766
0.3435425635489077,-0.5789893710940072,10.01498931767998
-8.305627958912094,13.43553562274101,10.627150371128208
1.8600614324260782,-1.6617898338358994,10.044536235298951
-11.221567948456817,19.528168868407587,8.123169462403197
-0.13905947786156364,2.0710292144944864,10.040031992124298
-1.4568182071926297,2.693837654979732,10.011769199885931
-10.955424091696516,19.135804898542293,8.090184140937453
11.437095208276249,-21.859118547366926,8.570859104856563
4.764306549878545,-10.521035906686693,10.398904041398174
3.964724087718091,-7.321661621962353,10.18536208205444
-1.7389082656914434,5.997032750530832,6.655553442955237
-0.38303442571729235,-0.2578233787926344,6.472210726129889
-3.3089248825163042,7.966189481904222,10.230708374046406
11.431948160108085,-20.891355140926212,11.376504104016202
1.9788756253361317,-5.427400032541669,10.120533255958026
-7.6611591789746445,16.78235343275214,7.692353184426881
4.659130961434397,-9.476442403471285,6.799344426025263
-8.449576999080087,14.600962588663078,7.357204295507325
6.879410535504814,-14.41593825341183,10.64254465995305
-1.2065037999366823,3.9702457366343107,10.030843167282402
5.229122525731592,-12.32027007047274,7.116198546121704
-6.635910590805252,10.246633948375313,10.38965553498679
-8.258697751583199,12.386731877706298,7.185560938917691
-7.961186869953919,13.651086702480518,7.229371594606295
1.6254375718097356,-4.766543002493649,10.114949917155874
-10.629738230056505,20.30281558982423,8.224234034546182
4.008300240833109,-8.259673381722317,6.77103950656462
8.121195214013223,-17.56691008631839,7.78320749980214
-7.812923022607216,14.377752528259453,10.635737684793785
-9.534330802183243,16.582625554215817,7.613619264404968
-4.973191599050912,10.010428656263224,6.945843459574833
-6.404158773850452,8.909301902038125,6.8807776584885545
8.81774709397187,-13.357590375384392,7.215103240115242
3.2498228102039315,-3.247971442852914,6.533738792871913
-1.8036724823413919,5.161245365278223,10.04928239997014
-6.069629857288026,12.004925847904577,7.106551833802411
-7.430522887531618,14.470117634715862,7.426793504503277
9.000694014536597,-19.173544515401666,8.01757113083218
11.306290648972542,-18.86464448000586,11.114096731613039
-10.520962400787164,22.069506253868454,8.59841300547421
-7.882290044694144,16.12339080802124,10.795379278571218
0.6183732058897329,-2.00908936901396,6.4878556178734055
1.664203562158213,-4.960773344686145,10.088913400444396
1.3768280128797956,-0.6449512063695217,10.006622056146947
-8.508220094351271,12.828546291664832,7.224323875686502
-12.436019158060102,19.97213842623545,8.243190798022097
2.9658097819760583,-5.361429031370932,10.098179448206684
-4.7425629213852805,11.395004135959773,7.050340896103199
10.848462223092211,-20.69013998867503,8.301755528751901
7.166146947551713,-13.247940791839728,10.53626206408987
-0.7041543939476574,-0.5994298023636326,9.95961587759329
-8.135904889740367,15.848036633303627,7.557773541211276
-2.586791566511417,7.4482692429847726,6.753367255809404
-0.07798219560980264,-1.7252800361927692,9.997614635958069
8.061785659138257,-16.56559276105549,10.870365682589991
1.5285107885841118,-3.813156217369191,6.5195401301773135
10.74362104570788,-17.867491615712872,11.057604477160332
6.178583018657225,-12.289408766345604,7.102026920628424
-2.4735015058518637,2.7749628846956576,10.035355034196309
-6.092055065543098,11.247542773362005,10.379333788529204
-4.47379261886927,9.999809137191724,10.321786239935788
-9.671528379934369,15.82752123685313,10.808264698707472
-4.364223296118427,7.160712551731057,6.63884364958208
7.797900135438972,-11.502202524998902,7.085855288859256
-4.756465052971296,10.593853714338854,10.369586945604604
-10.97497319221298,18.160517688912762,11.08150844242555
3.355336300988221,-8.802389547874048,6.8119782367429
11.394681737436855,-18.05536793327384,7.939406154421754
8.167365128111085,-13.110535991634665,10.56244658939747
2.7016463138932374,-2.1647553769136767,6.4944724865867185
10.541643769175336,-20.222967005793464,8.278116266423618
-7.951841560981885,16.325921447647108,10.83885859835691
-0.6439287116381418,2.953947700724079,10.057462071426036
-8.595355022388407,14.869567163359681,7.42134521238445
2.31877962871003,-2.3297490461835775,10.041342971952322
-7.185576288563054,13.182140404285308,10.569187394009077
-11.193930267472743,18.651009538383782,11.1160717531711
2.8018641693486837,-6.181562239346767,6.6382356170274335
-1.1732760195651193,2.101573571890201,10.032299652939688
1.9283010796931592,-1.761770691793585,10.000812273705872
3.06247777715323,-3.729210929890523,10.050247720486817
1.495590526373374,-0.02848441728274726,6.514638453166976
-7.438261855534609,15.482148261162386,10.763947140924465
8.124268739317882,-17.647196685653242,7.808260707232654
3.0228038796002212,-7.281491268889388,10.186200002662165
4.947628617325099,-7.206915337975015,10.140318728991412
-7.443029498458469,11.82930868425681,10.40580560592816
-7.78951603069782,16.141872579528865,10.808006725871035
3.4855349351481375,-3.591839625673441,6.512380920103983
-7.0894256037951155,15.854237389095033,7.598173652644249
10.265474671137017,-19.759060762302752,8.162125989960677
3.474809174985104,-9.2267529926728,6.852803627368527
-6.816100404814538,11.627459829344453,7.06742544237527
3.4695431073580125,-8.964882837959895,6.85065495254629
-5.130321304957364,10.298677120958313,6.975539763535409
0.8948354155150299,-0.7786016787807577,6.4827736865919166
-0.40184922069888007,0.802339008547668,9.961267522987168
-2.6767221573579647,4.874298899025797,10.06085505302016
3.549757540839385,-8.276078855669166,10.252972681184172
5.075944634178024,-8.34892063457577,6.773645027145907
-4.424766607406002,8.021662557357422,10.201623344876252
-10.281425421678184,16.047529239166703,7.621272635094193
0.1918205147200255,-0.4153244358340676,9.95460325858304
2.1183952169973486,-6.6245714670452305,6.698284218171709
-5.812002328123818,10.614000072389151,10.379260183060687
4.213081713186619,-7.770927403127442,10.239066684995016
-7.067980224585639,12.026295932267313,7.115076230901518
10.125584572911764,-15.80934682899891,7.56830681294167
4.22104104723029,-8.673602257800605,6.742698069377858
11.6794226036639,-19.57427401506685,11.2042294592442
-4.171975337302378,8.656533021274392,6.833150763876301
3.8396591545353838,-5.21861697649941,10.060810515304446
-12.930208154449819,20.96176338722553,8.360149076826998
4.260810471815767,-7.762752406044198,10.236981464897935
-0.7451939278463653,0.36398672893620954,6.402433456971147
-2.0905417347672515,3.8104547109137585,10.015062492091177
-6.153818673897344,14.011385793341413,7.389140972757128
1.0342690733799682,-4.645385026518209,6.637657664255703
11.007260084608378,-18.235142277602367,11.059948615767635
8.513949034993457,-12.802323053253888,7.193226043447245
2.0989239056607008,-4.864381839790757,6.577145510590162
-6.340433864608408,10.647571239133338,6.998428047628212
11.981285534925428,-21.051418688109827,8.392654270042017
8.535779452205956,-12.896651538526424,7.202512153640549
0.276728943201137,2.2375894265641314,6.487966899725156
-11.463679127238613,20.074517087354227,8.25189698305796
-5.62385296902427,10.245391499473525,10.375305124636956
-9.176094022336981,14.055704731844548,7.324475537644482
-6.2288637470054615,14.088281402296825,7.33960697450204
9.833257336234624,-18.08249360818068,11.03915761754676
7.300776141524136,-10.604076744226,6.986110786432355
-4.592838188272165,9.240362437955865,6.891862483743232
-6.340339145762161,10.59780437468239,6.985643704437761
-5.125203675009634,8.570054983505472,6.800729083714427
-3.6882284436126898,4.0542191725553,6.562389146973208
3.575087179348289,-3.800299810056605,6.569743110807351
-0.5906955158024275,2.875626608635827,10.041111730321951
5.873656378043624,-8.016410404875769,6.740575586917412
-11.470697253677502,21.930284287439484,8.502384871461729
7.238383157210724,-13.282819056658672,10.563004174846084
-9.32795023112212,18.882299283348015,11.13418445174866
-4.321671993380482,6.098863292736483,10.090025959820972
-0.6897244929457674,3.031701623479637,9.989325416343718
10.232015671632169,-18.734165828785507,11.134131167726055
3.470537285243436,-3.659534343382369,6.548866216884482
9.824147802410048,-20.68761669131182,8.345558939844558
6.950290461412655,-13.604588069175392,7.2994107998937325
6.787332574695844,-11.446503696670732,7.089747854697435
10.361880116382764,-21.69601000208536,8.521383835330214
6.718479123645684,-14.098693543676886,10.615708726288776
-8.944424481275867,14.653631019925065,10.65037288578054
-3.3693331654450085,7.085763859209198,6.7178251820857815
8.212402589215834,-14.145863622619883,7.3892996208931665
8.749990865040841,-14.240662687034343,10.612046948768981
0.007403883901567831,-0.9961588640195697,6.4067165075406285
-7.664511903026061,16.661050033023564,7.668385237477784
6.1925659382946865,-14.15850506214232,7.3883231863839365
-0.8417575335990948,-1.2036889458494413,6.524615159524633
1.5634225592667397,-0.2106449332712007,6.450684789378983
-4.404256477828689,9.057099958363802,6.899710966089518
-5.381565434915003,10.827511721377224,7.014933216296542
1.7466533814543077,-5.8340457537715205,6.63148347176416
-2.3804651767731846,5.2577280903951005,6.661705725412916
9.353176815369968,-14.328960411086307,7.41220333756379
-11.051191964521273,17.573396430432588,7.835593732648939
-7.905281269375463,17.236211856069275,7.770758991276233
0.764730308382872,-4.219467205936887,6.615141669874786
-1.7905079206887986,0.41700827534463303,6.456639378646599
-7.412669720681523,14.486601199238036,7.38756871347228
-8.240169484308941,15.001281953757328,10.681232236582211
-3.2775346196773536,3.2475196106548228,6.5466882021901895
-9.957664045360005,17.294356019632705,7.783548648040872
8.753390693312634,-15.195127452489448,7.522143342283368
0.19450167157518183,2.3846694550749405,6.483548119046271
12.134190095070188,-21.376225279153072,8.386032148601204
10.78251319065079,-21.563936680963792,11.523995040007712
10.12926938684804,-21.342362830496107,8.395422563500741
7.0379710628596275,-12.78813540945848,10.543180287043663
3.063644025391514,-3.7755668330491523,10.008337457181069
-5.9044260972500755,9.001996227174452,10.290506228008542
-6.852137241245206,9.744360926030225,6.896022925842533
-2.842484514555122,5.2885966599743455,10.10952999348297
-12.04960246051869,20.232106794963112,11.3581378181546
-3.9336019976418597,4.458598070726448,6.62018395948002
-3.122754747258021,3.054619372985276,6.49110794930827
9.427993382932646,-14.510404600270657,7.428917475821579
12.779929507795966,-21.4803257503339,11.48554258657892
-3.8033890747975123,5.092053438131353,10.03987770520438
9.52009565513846,-20.075683005529157,8.229496857074048
3.921174545743583,-6.315991900417415,6.722878699847496
-2.823752733551685,6.93376695283093,10.105054141963794
-3.4105551650005,3.4290378086806963,6.594881695394155
10.716650468397193,-17.75743625240363,11.04761518536987
-4.72494851335084,5.882047674981505,6.657520995308612
5.169535808686629,-9.390107024391696,10.321926548241715
-1.2421169556740561,2.2115826827678498,10.041660288653715
3.5695028490058793,-3.669084720873869,6.554323352691517
11.085001327586664,-19.297618348648502,8.071449787390138
10.062806217284242,-17.533210936186848,7.807164895844392
-3.1272037141672735,6.598175861186205,6.717725309594329
-6.9160771415279685,13.629746183219522,7.332391878407588
-3.6226943126827122,5.710806631693446,6.598642992377819
2.5385982791070827,-2.9074517029876787,9.984952606449317
-3.2007056327938366,4.934073205717356,6.589084292437006
2.714792639962853,-7.811592075561922,6.723383231572128
2.3466118266739366,-4.358282108477474,10.017670685552607
11.99921031370716,-20.09453768400682,11.327810510795313
-5.960312609286114,10.862147449687635,10.425299770189367
-10.292824224840718,20.584050769017974,11.333012379832581
11.018283994323363,-20.143161050134765,11.277142842377547
-10.723622928794622,21.38926418389072,11.440620680642203
0.5539762314157708,-2.8530526240683427,10.028364505924387
-10.633896091351776,20.390392068640377,8.306380178819337
4.445519470773538,-7.213092658279776,6.765248852210146
-8.740232942007477,17.760562053602985,11.017355167989393
-4.5639516980674655,7.538083690304191,6.660566455512989
2.7286730015681453,-3.0399840489721233,10.062824418297083
-5.684645000085536,10.444504457177818,10.330373880886684
-11.530747809445465,21.18705740187833,11.447098034257476
1.4588839107886966,-5.2842795110537,6.58804504766871
-5.305658552559141,6.93492441178142,6.663960091828754
2.5569467274562605,-3.8441308956903812,6.558800493370136
5.055904080471789,-10.245150912884775,6.901337885389379
11.712541337630547,-20.547346378352323,8.261622642771757
-9.349989335047914,15.3276026629526,10.804664745864569
4.798258426839564,-10.700297723496687,10.368396133332377
-5.669794961453853,12.15593117382407,10.46662029201997
6.514168301988139,-10.003351937458445,10.346223477195197
-4.20636314807474,5.954169292665608,10.066466602565963
-6.953123802959161,9.866464234091513,6.9259089499083695
0.8072992117088555,0.3489622588090227,9.959513079499292
-3.6172039998743615,8.423259046242617,10.217509585160558
4.377992392952252,-6.073434944072294,10.127554951966234
4.3065480389980975,-7.009334303199023,6.7513848919323625
3.6230400697003655,-3.977722345469023,6.555855287011013
-2.835780256678916,7.0226116335742175,10.158787945584395
11.633791038707136,-19.5429085659754,11.237397417959533
-2.4051580960137544,6.196304757509284,10.146912854275419
-2.102588307606763,5.6118071328484165,10.123582602062303
-8.339285695457496,17.173260961190216,10.975501562853037
5.101676431175124,-8.311127809973973,6.814204530535538
-1.179016032665039,2.1031829245652163,10.026726530882309
1.2815911872556667,0.4401706151815932,6.4869846398243185
-8.93469173502512,15.342380704830898,7.464605658100956
-11.263809892276766,20.59856759644279,11.349426625836243
4.908076579664611,-8.907797538314343,10.25459398606531
-6.883151987890625,15.29982846029052,7.467482637316738
7.442626105101498,-11.809190764102235,10.487060082148366
-12.41320700797498,20.076114703713056,8.243522711081429
10.302789844689066,-19.727208906936987,8.118177220858183
0.6861495434649559,-2.1686826606779057,6.487097242027551
4.4902251711638534,-10.979231376727716,6.991803738923065
13.135544160195503,-21.347243019664614,8.426755432402228
0.6114072395643496,-3.800325154773016,6.55704341788642
9.619515529619578,-17.56593150537736,10.994874448422156
3.98248983752876,-4.597943513214746,6.5912044427243535
6.0727526560923515,-9.262434357330951,10.299780227287503
-10.682865858202886,21.366951757270904,11.433020372366396
6.557843254765824,-9.25591482649836,6.862969903836372
2.323654670425002,-2.418031875118128,10.038329539324037
-1.5082067287325918,5.514596275309436,6.662638282982038
-9.080565599962306,17.550772786778335,7.851965744448183
4.626457361253515,-5.746496361258671,6.6725345651347245
6.127849183955415,-8.381452759012843,6.758376784349605
-7.1402103967784525,13.044158463412346,10.509861571677915
-8.519856145960508,12.922683604698419,7.224969772689933
3.849662667770629,-5.164662044411779,10.090920343589445
-8.35688163765722,17.198947244232258,10.96333797301033
8.650887101693943,-18.569162935255974,7.923045988362705
7.503768872801161,-11.939979918340663,10.445178467742101
3.6994986379256733,-6.798774976715983,10.176230092050421
12.34908067979639,-20.669605301070497,11.368243403203873
9.55950182599068,-16.579397047341804,7.658544037478494
8.817830398091834,-18.871040764759503,7.993763603255683
5.69167458285622,-13.15704584904686,7.253987109468609
-4.367805419784335,7.982041003544707,10.226323786269555
-3.625977210117596,4.866055077554342,10.09289545319674
-10.386855258284262,19.90592077941885,8.219998354418335
-2.6518516509488665,4.033694881011925,6.4706540722177275
9.902746737528217,-18.09083047265186,11.091194162691329
0.8012324432163556,-1.5287754531272428,10.050197873933643
-4.829566141346091,9.818868708702885,6.957768307537216
-4.89345049741066,8.097057594597688,6.769036090783024
-1.9968548077470363,5.427457916868983,10.123881894908598
-8.758695667200449,18.711176189705917,7.961461404455076
-8.399591022704765,18.158803926381793,7.878173551608313
-10.995517156338236,20.157906471013074,11.344034547929077
5.800104199220348,-11.598556682409004,7.067977447761841
10.227338841250026,-20.431087799797226,11.408432899725748
8.219539439218261,-15.009824445110684,10.697473689878327
3.5890557261558036,-6.524975091227653,10.101547820610735
-12.283724266879299,19.714858775906006,8.124251919194824
2.186074890557412,-2.1735892403339645,9.967801262674294
8.124170505552188,-12.014619141439258,7.173101624161524
0.22953361698575994,0.598075351420272,6.519765916590177
9.120727573436653,-17.546005371669224,7.836487969594233
-9.632531253238263,16.776684207806305,7.682475641634428
9.205094418467624,-14.050684140179163,7.36242645857289
8.080572990613522,-13.001081177835083,10.551441081303942
-5.82380772509766,10.666249998345785,10.390476495934541
-7.125060384539498,10.29266846850176,6.911266343716423
9.949854695232567,-18.234552560059566,11.12592290080527
8.73007891026802,-18.695871367536515,7.982672984921475
-4.310928013158945,10.634025258883101,6.976609270348991
11.864913709261657,-18.865547264809166,8.03075273672059
-12.118023080254423,19.37489991739541,8.086530124538726
-11.968937995389343,21.069555671313708,8.437901957358704
-10.377101210257,16.278316041967656,7.578547697726123
-6.315369214244567,13.293573280617759,10.603297963467721
-0.6471909591391629,-1.5054331016207045,6.49115877006167
-3.3585014900208834,8.947774258312919,6.796602829741314
8.874713561717915,-18.136156136637503,11.028751477394145
-1.157772732420963,0.2036944744480828,9.983098511070843
5.338892104811204,-7.07321737870082,6.759585162316344
-5.982617807350694,8.252526225794652,6.755822698521939
-0.15900724026339247,3.125623940794707,6.565342276873859
4.82943266757597,-7.0914060088807584,10.187459961408292
-9.946547167955725,19.08979895945173,8.044306329733491
8.453464221847415,-16.360144253908146,7.667969239031752
7.937765949213733,-14.598051754148122,10.671276490667113
0.8794491069113777,0.24958942056057953,10.039907949525304
-6.573339663518087,11.154589954519276,6.949629170834604
-5.177278553567844,7.699269186125734,10.218451586126463
6.0948586748656455,-8.491001077441624,6.800975009264947
-9.888806660413271,17.087089918890296,7.69530622126088
4.431022086145759,-9.047488761130312,6.762791080133211
-9.388525063584394,19.08546302620774,11.129157119907111
5.672910138626056,-13.046200532986305,7.253821453623139
4.631701913762253,-11.275657134093068,6.99536794380068
2.7764716496479407,-3.1945314693726674,10.003758254900614
7.330176962958404,-10.739486744519743,6.970988740650237
-0.4674035266505733,1.8404543072127117,6.502768161741136
3.781700991481093,-5.108463205229858,10.133297011834827
10.911394536841266,-20.92938533809416,8.372313717428723
5.836375209679219,-13.414340936286248,7.277780965849278
-3.020100446398155,4.741669099679923,6.580644684534496
-8.351638300001857,12.533970194634271,7.11336575338002
-9.91407562830286,15.292507081107631,7.52577128034578
-8.368704081518397,16.31153999268817,7.592325888805868
7.306018304617088,-16.18411734588619,7.647551695586359
6.946917697772629,-13.70339218767046,7.28519378717919
2.977456832130354,-2.6237548417281653,6.5035698214730955
-0.830116544123507,3.3868936986923517,9.989419107834552
2.3248957248297764,-3.437882677900203,6.585610773904894
11.283112841579603,-19.707857501244483,8.168237949479236
2.6183093612172113,-5.761704611743671,6.560699385080195
9.637134387455642,-14.930392479806068,7.50267355645437
-9.971932425806365,21.08332999159167,8.379235623668263
-11.889041556187268,21.631801555395853,11.513835111116517
12.2776482731786,-20.582944480226615,11.375555757921617
3.019977203528383,-5.616371525807696,10.11853503378702
-10.625452416149018,16.643329311528497,7.68381145994225
-10.943869621338438,17.338402696238063,7.786735106157289
1.895462765247099,-1.7124492276865952,10.022886476171953
4.571537704109299,-8.445176700613585,10.261071555774205
-9.507115762726405,20.130942969549615,8.255852070848162
-3.7652667520933085,9.737269352194184,6.91521575098657
7.073479776579555,-15.7598228631128,7.578427722384796
4.124227713055145,-6.565391414967521,6.733404013615546
-1.4778899369922862,-0.10620144709474763,6.473235964604935
-7.795126794701282,13.307424431772237,7.276327019427197
7.294851619493613,-12.507313999910522,7.1553172516221455
10.044484846805473,-21.190674525651385,8.40715391428481
-6.343620065289979,12.625134589826295,7.18014160660164
-10.153280030956086,19.52681129453428,8.095376056382992
3.1836829263252233,-6.684323562727032,6.626724564067696
-8.602845294531797,17.662432192210108,11.023850632814312
-7.493311120526367,13.647935794120459,10.63811933008223
10.436264841084148,-19.08247524071605,11.193867965427964
-10.27767350857435,18.7503770363171,11.099210184347191
9.187964102463313,-15.022528513202548,10.711230407838945
4.485827694587904,-5.605494070717928,6.612750504910637
-11.037865471637621,19.38647868288933,8.062619511608835
11.312734425316897,-17.914667332419356,7.8640069464451745
-8.292047336450642,17.018016350031246,10.946999686454424
7.196144481684097,-10.411941764748795,6.963515263554732
-4.038640342124426,9.297324256370919,10.23435562388328
11.833672265830467,-19.801710648085212,11.316408595047184
6.2618574086626015,-8.796937957317065,6.834963054067002
0.3584069668490194,-0.609634233114511,9.9949098085076
-9.680000893072087,18.676622250118278,7.978582579214689
3.2173911004335065,-5.096994232945432,6.6524419120541225
3.410572279699706,-7.10244914682553,6.668656285858339
-12.653681754392082,21.29434102622244,11.424956936553386
-10.071443164456053,18.454414694380358,11.075842476287901
4.294690959884343,-7.8288350589680205,10.205011336756286
6.055058244257311,-11.07379015126891,10.354457350765054
-0.7142857304846852,0.39735683621840223,6.490392998512174
-7.668185300059416,16.749287365612783,7.656232887922355
9.726116465419976,-19.660161205895175,11.227621093032205
6.059269628444447,-10.231045724988467,6.97135643515868
-4.8789043978980535,6.112287124105513,6.650774286014633
6.440973109491235,-11.815344461916517,10.462541191147766
-4.607056642220143,6.618827101593214,10.177926139732966
8.017131725271076,-12.813082535962234,10.532071352029854
6.372646442458588,-10.739638177495262,7.027914870597829
-6.524726870996841,9.213874193404505,6.91122348916492
9.240872608794115,-14.114077173666063,7.402750910555598
8.310970033562041,-13.363118442331624,10.55016699713812
9.847327491171832,-17.96505568519326,11.089643408058716
1.8264452069881871,-4.28172644486854,6.559265957704059
4.345805365507793,-8.030632006883401,10.158609423517014
-0.8864743666854783,0.6275471929603553,6.450917886876384
9.99825134939188,-19.23381585564167,8.081877158612773
-9.904095711395007,17.16355285032234,7.790480456931376
0.1944206562109868,2.508397772576573,6.560990430992398
-9.273321328424577,18.74513693110024,11.1715725987732
-10.501516230898007,16.425803597361437,7.609722832551315
-9.736378091750273,15.907704185294035,10.807814795266152
6.960389150041784,-10.969348007159088,10.431994702469021
-6.008583891494801,8.26712012222673,6.749233791103225
-4.923836101513829,7.252706502305911,10.124711006377847
10.238029184747974,-16.79347788799378,10.91922768519122
-5.237354315079973,12.357824467080155,7.18275333377153
-0.023815890471920877,-1.7966137898927113,9.993755385970518
-10.63121962184633,22.13225105107417,8.580717329226488
-1.4268463210606133,1.6406262816524197,6.492248922017875
7.1124403450752,-13.844455890632974,7.24716894977767
-10.240685560007716,16.962891781913086,10.898199679166687
3.2653248024656927,-6.838753703524844,6.616318198853058
8.000532859592674,-17.50483468275507,7.834514214569713
-0.00019122060190419638,1.840393346276681,9.971538782050045
3.4699450467951034,-5.489384185609365,6.647090446490195
8.393757536891531,-13.669685038746309,10.585736591423348
-9.158774792104538,14.878376643065149,10.727965653755103
-11.497662709433397,20.213160231305512,8.198081948580471
-12.479661746828757,21.032217154750096,11.451255384253084
5.195933842633116,-7.722746916821976,10.207967120229732
1.3010104849659758,0.4013653600604971,6.500813070339639
-7.147476002253946,14.98650213818826,10.66987912967717
-4.095869851997167,5.649213040002468,10.126456223785338
-3.5410303734501944,3.738010331570982,6.56206176945022
-5.089908523746526,9.214036029894137,10.269203368147355
-12.391825562237777,21.72203952150839,8.487542606993005
-6.02430798608586,9.186324655459114,10.314411708857927
-6.724516150070722,11.369688052476738,7.055123291344576
5.631465285220774,-10.320095122583938,10.354324846695965
-7.106119019605117,15.706792221496427,7.530348117693693
5.727305554492049,-13.242917700891727,7.264338834138515
-0.3652901206540148,2.528776741318284,10.00310897659612
0.38652810857566855,0.11665339373385888,6.535711127417009
-6.942659589670868,12.653154338475948,10.470774225550207
-8.78865258929114,13.338616894110027,7.20412766736592
12.019937375594667,-21.033460614810778,8.339125420246866
0.6756959297967857,-3.1532629340637564,10.032210470282656
-8.060164671870401,14.862582735274787,10.748283071172835
11.696995153169278,-21.316315651528576,11.475524182738992
13.094317244968645,-21.14606896188911,8.460538398995084
11.378662460478944,-18.051404852751446,7.9383922834685965
3.903399910077937,-8.012374385101868,6.73958790926874
-6.770186266569566,11.40764400722028,6.993841942762005
11.7614400892735,-21.560388303768878,11.552047238967898
7.685664026061712,-15.954245869775638,10.799166235708645
-2.547812176425004,1.8813330109539605,6.557349447301721
4.067575264608212,-7.378211740099118,10.131028485890889
-3.722379549455191,6.023134394716276,6.597142384294925
-5.074593326672142,11.049431816811166,10.400389966920834
8.55935693592782,-12.943556815057097,7.199828325943527
6.250852408374251,-14.25820534121035,7.390158149635121
2.9445497030982417,-8.106739020786659,6.767575680043841
-0.9609923866514632,-0.14726055917947847,9.952983088393776
-0.3065270709773503,1.5161285631936072,6.5494435455361915
-8.628576264476754,17.637293194693065,10.960269561095608
5.461121784322847,-12.814856881980285,7.155402750291864
3.860283213656056,-7.09067841768981,10.15378848640074
-3.11971378080383,7.502386268004867,10.142376222727714
10.526057439155295,-18.415514460572464,7.9076717945410975
1.5911863808048705,-1.1791479091746926,9.961313535921885
-9.64917071288263,15.008907130709865,7.490902911383537
-1.4960551052038984,3.740406904852836,6.6091635978715315
-2.9319427205240824,5.398813490954189,10.106023318180222
-11.423100894943364,18.254696386883147,7.90305874277109
-6.816991079138938,14.27434502461363,10.619644800776321
5.146326737118859,-12.095808345161132,7.136429651003071
9.607020191003778,-20.42661190887838,8.308190205245092
-7.628189268766128,14.866603507611135,7.426697342241491
-6.1523299942449015,9.504369689571456,10.323470210942721
-7.111328675004369,12.075462746227336,7.103190973282648
12.316812676375857,-21.671810612579872,8.495516550039232
7.230426997837848,-15.915260354292382,7.623889181252633
7.311177787382919,-13.30885833324291,10.60480782789094
9.152920781903896,-19.419432660787272,8.15874860569458
-9.22175702743793,15.978381141310448,7.612609559356118
2.971857567595411,-7.304828270899597,10.146418142671072
-11.906735257965588,18.989563978064332,7.996249667716334
11.917096025075157,-20.83342981402411,8.341812892479078
1.589564627134898,-2.995202770894553,10.065470770775967
-9.937382761074158,15.337402399024667,7.493883127200157
8.998970782765944,-18.322387832616908,11.045458754992566
9.583260996096968,-14.726018579235854,7.452114543614538
-0.030521630871198312,-1.7860751165450082,10.038321393382788
0.5315341412361623,0.8763497855824556,10.005738174471164
-2.6589776381402848,5.691978438640232,6.65055749125595
10.86864586216783,-18.106470946276318,11.033807920736082
-4.668852721662017,10.385186548357453,10.393261430604126
-2.492365838674408,4.546697673195895,10.077950907871607
-2.800931132935407,2.3927745153858484,6.520796413556943
-8.330683493080105,16.08378904765923,7.604479375150298
-11.560657993508281,20.30250565060613,8.279435560902604
10.187241415917454,-21.344497065373766,8.483267704287728
6.003319348933588,-13.675899888189178,7.249028656597318
-3.5869010367794085,7.436573894559042,6.754953221465245
6.2797026138613825,-8.74166671165251,6.819217914509824
8.18476396916378,-14.038506930508147,7.312749349323563
-12.726911334208378,21.406890250948333,11.482949278069155
-1.7891252738169399,2.2412791019306924,6.446706600353794
1.4398217535609035,-1.6986841404158413,6.5471612350306785
-7.631297351553246,13.044320207590195,7.181216274894149
-8.731933845323695,16.859460094754226,7.7528821264629695
0.6587937859350471,0.6966769586087284,9.988511409320658
1.420856187425168,-4.412559646334927,10.102272014255648
-9.726690852567446,17.69621452622806,11.000255040454725
-2.6514962856414197,2.005475254869907,6.533188094701616
5.728621696606553,-13.22394577947855,7.280662371987843
8.57356652872317,-12.948427423055847,7.252030661033465
8.66113567804406,-17.622177430985744,11.049891545083378
-3.297170702195011,7.869783517126767,10.204890915943317
6.783404588651901,-11.560326804954425,7.0344307238551425
11.171004425431313,-22.31421752872116,11.668202764829239
2.8437736366857873,-3.4084369102295278,10.073904425347106
-7.05672422465839,13.766482395367042,7.275470652371113
-0.5012573619893881,2.6807265294979583,10.018961047248402
10.06533007391038,-17.425662896305724,7.774785597858382
-2.56883358883361,2.893761396167708,9.97957041336494
11.229572520413907,-21.450429022094532,8.44507978969173
0.09173190545125663,-2.864825554413611,6.525900199445587
5.933017486825923,-10.772469584958836,10.332698721412678
-12.567366040704078,21.178287290390916,11.441659802919599
6.670408978203099,-12.238833711701066,10.513884710956935
-5.144030410506755,12.131249722842247,7.119479966842888
-5.5133975923428045,11.984765894898093,10.465321411352674
-5.806017028970873,11.631144657676469,7.1203013879174515
-1.0941882178815991,0.18833014986436886,9.978001139536286
8.56663711623736,-13.966958028670994,10.627623220683581
1.0914465562740463,-0.16505351806417465,9.954891865847905
-6.562925708881782,13.789417987142798,10.592396519863323
8.949105319764179,-14.615623992353399,10.736700771334707
-9.534427896157341,16.466610820387903,7.676588793108107
0.8976693695088495,-2.6049610786412245,6.485514326527757
-8.221640077375381,14.230883371252398,7.3126913174027734
7.314446754044456,-16.1908634460667,7.6430790186025
2.998194594976084,-5.488163270430015,10.127695126146433
-6.063258208129621,11.140769912757921,10.420880259520919
5.038796278020756,-9.140544136512592,10.26908136795309
-6.368813751422364,14.285877241281359,7.42958061958804
3.3066650278243745,-3.320340019804564,6.5518032979179885
7.482022326793964,-13.677054323820974,10.55876666568157
3.441138970355057,-3.595931843371272,6.553963250308398
-3.058463322130158,3.778720547981446,10.08920439520933
0.32329705147955423,-2.39467287377181,9.98842029738801
-8.613334004527909,18.55197214628332,8.004070456218669
-0.06651866781743605,0.06327089285678926,9.951816815660607
8.573319622168034,-13.845880459291887,10.590445532070323
1.7061117081390464,-5.013800920384063,10.081829875887502
-2.7577861222272455,3.239465838092051,10.078976716352921
-1.3023934405266522,-0.2654369705302763,6.458878464061779
10.129573289769708,-17.607467676988602,7.861465161106376
-0.6296710988247874,-1.679369341528837,6.50826404988327
-4.132344955754445,7.502131174845738,10.134511212164702
-9.542456079047053,20.32838139366939,8.227627099354143
-3.089534166789434,8.408683610360544,6.812375752441904
2.6432050744285904,-2.0775295668661844,6.47225380727522
0.7954830418673361,-2.329691264819766,6.488821938885648
-12.528449115964523,21.069627421563133,11.464858055652115
0.04859199110576905,-1.0096206321800518,6.429265758292716
-10.35188490000094,21.784099856995233,8.54642625505867
6.840144326381541,-12.478996697060579,10.53623223711316
-8.819313354509626,19.00001618016606,8.082191978314377
1.905425963178712,-3.4966462839145316,10.049192894883411
1.664408143396945,-3.953418070045313,6.520534357970011
-2.850087836882419,6.168025865721395,6.64687248796331
-3.2295567849114932,8.60663130352591,6.781026823197546
-0.1583786063511545,0.28684085721628305,10.002480024275393
7.228152249837986,-10.499954795371847,6.9278130423193325
-10.399687282008992,19.838710863374878,8.159727694524348
7.63358426568215,-12.168021804227132,10.473419187110016
-9.28636097030326,18.928285823212455,11.136464259385043
0.15237194315338515,0.6190855461700454,6.526358027749342
-10.14928126524939,15.849627190292074,7.548243958006626
-1.469579946063813,4.587642003942861,10.053838890904046
11.221120141222748,-21.362434706204954,8.43659745006842
8.8564062928266,-14.391270001704418,10.637939582872107
1.1244616899518052,-1.0865085952668114,6.506751888202459
8.873146603326594,-15.364267078686447,7.526332518965312
3.696149954671958,-6.680969216566012,10.16029279494499
1.1432904496724574,-1.2231498921742139,6.5607769195889025
3.9991851468106403,-7.376987902353882,10.19244168802803
7.515804097072565,-12.872923361110889,7.205924984718911
10.026973424515193,-21.049717618401015,8.428808693887888
8.043080277551976,-17.497135805797054,7.780015715006384
1.9208691600985126,-4.363736458482468,6.498084439079346
-2.4001205598303446,1.6314693446338329,6.468506456067579
2.0891409982421933,-6.591747534409027,6.6933634345190685
-1.4934375109574958,3.6086292229398516,6.622491405582807
-5.853442470177032,10.825482450839623,10.412981589610425
-5.467823326756931,12.794503886825266,7.196833133741088
-5.556725812645585,7.430058484203135,6.710070695860914
5.996867304326723,-8.10750906518962,6.833980656178222
3.445021196779997,-5.273416644119966,6.686155023768897
-11.175562411553905,21.37993689574055,8.468610366286798
-4.5087094610960925,7.329753385471773,6.676813541428428
5.173709042359592,-11.386364110321784,10.451093115743168
5.769643869225581,-10.561670969566869,10.322388142918273
6.425424911632879,-9.085174279512175,6.85098153990975
7.563081876506783,-11.133336608556197,7.076003526079569
-11.461296671522616,18.14315139113046,7.886325507601365
13.035247424671338,-21.08716821757713,8.402417989879167
-8.205967825486608,15.952087926608865,7.629953127705055
-2.3966036972475164,4.313928960229206,10.055252853242157
10.885809993088444,-19.94292858921577,11.317830884796658
1.3481381719273313,-1.6564948416516265,6.578980575845579
8.909709596354496,-15.354627577774478,7.483853817318229
3.129613623955,-6.526819916655444,6.6724254414729
-5.8198699408086965,7.934184893634023,6.782817084598273
1.5566060905121193,-1.1180155472347075,9.96646583959096
-9.756475609573075,15.983602094319194,10.828465543054158
1.0056475446379955,-2.7622086452721857,6.510209737190497
-2.7634743445071246,3.309833914572197,10.058183663093232
-0.4889579519278733,3.576738579063513,6.552842870936227
5.545362832760173,-12.986742778555877,7.239950024724153
1.7333302110896545,-3.2824482385111136,10.002378539697665
6.85862108470976,-9.796191723200787,6.878800249224459
-7.287732733452133,13.405773115414055,10.541428118012773
2.124210334904273,-3.923811483139291,10.011783679883147
7.704719912990452,-15.0434569633085,7.406603576347405
-5.653641199250531,11.350103058829806,7.075283677493437
1.4986477365767805,-2.7157655132917355,10.057801435720743
1.3929240154039526,0.1778828923473348,6.540275348780847
1.5565542923772273,-2.906807799042187,10.06415491885123
6.482576356949887,-11.000796652310443,7.0134042307538635
12.86826901317871,-20.742874204914465,8.31213437833803
-10.364965916344058,19.856522336986412,8.198928968454279
-0.037557718774889004,2.8282959510130143,6.5116326457616704
4.5022321080914285,-9.080751417572511,6.8243575447988425
-0.036886721058457216,1.9502057011120952,10.00376546190798
-7.373461107972349,10.807880790414037,7.021966362685722
-1.2686457615741245,0.5116242900533161,10.00882107032817
11.565690493639435,-19.406836535207454,11.225031770917454
-3.0649176422589095,5.5275822900098195,10.058034085156448
-3.498820402953353,3.5385430890320704,6.504468751569641
6.959189650010254,-12.769044137125393,10.511816233748608
5.709172035296527,-12.262566858725307,10.458281967323472
-11.523360399448386,20.091995370322323,8.252159364272204
10.72362383642147,-16.924390784053873,7.74975179193048
10.750492337318159,-19.747090727074,11.227377310564147
10.129035340691713,-16.739429095728703,10.868498094389016
1.181992737729222,-1.2254326476935158,6.486973835488972
2.5965820990767163,-3.005187409183797,10.019312960783566
-9.490664339877634,16.41387718832145,7.587562238598596
9.612415991323491,-20.380948433148447,8.256695163084602
-8.662207891659651,16.83134101540604,7.671391199775692
8.661237039548435,-15.065520942465598,7.436780160002016
-0.8177550700388857,-1.3796019220341815,6.481766493197911
-0.8301291184760613,3.2962084922842334,10.076693462945055
4.426569244249401,-7.216774240580124,6.7321547433514235
-10.522108382185113,17.404906112524678,10.980014436682223
4.436813906001094,-10.038700367969637,10.312403794400238
2.679704117488904,-2.239845596444572,6.487960540105865
1.3294159133114793,-3.362742495768543,6.539482217434411
10.924893952001941,-20.836302110152502,8.316821714312425
-6.524970876159745,13.818805636293083,10.650177048172957
0.3833840942872319,-1.703299757874965,6.501093732166776
2.088718627436385,-1.1423001872955705,6.48226001638281
-4.018802116856568,6.35915282606983,6.631358273564249
-4.963898013477673,9.020727768991373,10.28057056537837
-0.8532366966563295,-1.2093336684636784,6.466667395983496
3.8699130217719984,-6.181457829497814,6.631956123379489
4.9746349592848,-10.933926586483407,10.389384239023506
-7.2850699283970615,10.614901682177198,6.948534281509062
-4.587023498417503,10.289188350273509,10.358257189805869
-0.675075772313537,1.1411605319698954,9.966471574849415
1.3660665747470286,-4.334110539849784,10.09240038395434
-1.5736628734058178,2.817992444921011,10.021755612781321
-0.011724939038592251,-0.8485708809882359,6.48177660557105
5.205874021264261,-11.459780939959458,10.432240290338912
-3.3402448184984577,6.133100058873261,10.14356313962211
9.331162727777462,-17.979067583277622,7.844477348398112
-5.470344427068799,10.121785023219829,10.348027108266065
-0.42313305239736576,-1.0326142295455456,10.046611736210535
5.1403841763724865,-8.423132587334594,6.787409880350078
4.216350070212593,-7.629634898382836,10.217021281999662
12.10286460715695,-19.513540166117945,8.087809299076113
5.015491906259327,-9.253550721415515,10.305288035051008
9.4477130563414,-18.123385023114995,7.848747222910936
-2.400271593879527,5.402723543331682,6.674987484216026
0.5181294846877147,-0.006203315024861884,6.496239004588338
9.357339963418713,-16.291366624635288,7.5967483414668635
-2.3349812876389464,5.126007956626853,6.646333155603428
-9.070804565580607,18.464532241755307,11.058927981921979
-2.0779812761752994,4.673260616287652,6.59205960481043
-10.671301426180147,18.65149549388632,7.9528843741999795
-8.738571024752282,15.953374619291072,10.873268660551883
-4.3089009183730305,6.00268758196943,10.141917923812954
-10.562699142887048,18.362020975048168,7.921143061399117
6.839959692337,-11.60411390563525,7.062576312550238
6.4805277357932365,-12.849969969765752,7.128750975651283
-8.514021604318199,18.442330009051886,7.930462887605887
-7.179683480705006,12.114510771245913,7.110593150772906
3.1291784042032496,-5.671687459975415,10.06957404836227
9.93010489822173,-19.92022584369436,11.332019437672754
5.720623070366988,-7.784807672757314,6.735882087351518
9.593863453170355,-16.67404398146167,7.677331292343509
-5.471154514559955,7.327663922824858,6.775185349857076
-6.2587094814798725,9.659160347281501,10.326556993775968
-3.168301367413219,3.1033391440014397,6.569567739085927
2.4988158742042716,-5.506179803555546,6.615677435835719
-0.5390161682248296,-1.7231079275654924,6.526529526170399
-8.472315663758687,17.410707727934767,10.972394867756368
2.764434291840515,-7.791876160444909,6.7823841625871335
-0.30485211204045437,-1.2478783095780157,9.98282451143931
6.466279096725041,-12.708420727544638,7.148297019452485
-6.470824529994056,13.540774254898665,10.611529179310812
-9.127719164770122,19.542711958268935,8.188089689231207
9.349388937477045,-18.93645725924184,11.173103619324104
9.06021957929535,-16.61604622133773,10.877396608443224
0.4747835259488563,-0.9467332336825953,9.993662608230288
4.784955406791752,-7.873077621421801,6.730645545787701
7.619866270233596,-15.6820721009047,10.827344853436392
-11.718361941196173,18.73190148545884,8.02427313610526
-2.935966748203077,4.404056790635966,6.5116159313316775
-3.4286920630564652,5.30570134551076,6.596055294028378
-10.518611177971467,19.35377359946812,11.188838425583558
4.784051407965685,-6.877465117427575,10.124727907750627
8.833019733127871,-17.08127544629587,7.719309837034406
1.4299654434398616,-2.647270310018625,10.031934595200305
-8.32331671360674,15.187399512330968,10.735893984981919
-0.10585185480675582,1.1779224216166002,6.573784371618095
1.622293798453307,-4.81766417752157,10.034399312411445
0.12801136229806717,-1.2045313985155373,6.504991505898179
7.523204741894211,-15.511392100565306,10.821847916070064
8.67568878740801,-14.009323881511438,10.586005018562759
-5.919242493110352,13.660926007467063,7.282145911095865
-1.430194476243477,0.8420989922781105,10.051123792126413
-6.879527152150998,11.77057550186585,7.086423497685066
6.52684880234244,-13.833256734806273,10.621634484128352
-2.0138447534698964,4.533919924311614,6.58896011781057
-1.517322297245537,0.9923175070407597,10.001580663439993
-7.702819749302627,15.073754267850328,7.418923402309681
5.269813883758924,-9.719696644490705,10.297063742938654
-9.7915813741354,19.69849818815969,11.253244494551161
-0.2663243774039281,2.3014098713428797,10.057278124752505
2.942901665415255,-4.498513535408319,6.586496796590019
-10.804958492661015,18.795491021247972,8.017142320081811
9.841681165469106,-20.679697362251762,8.335784657689139
-9.717353229663464,20.47766625530967,8.352087255421914
-2.368873268545115,6.222945547752458,10.160100399573018
10.309353607016325,-17.18061606204567,10.989413312900473
-0.11803324000608541,-2.592888807400197,6.492225754436442
-8.559579737263562,17.571383021651,10.972008041015258
5.262432381364949,-12.478415221535911,7.203975998653792
-1.845939877412743,3.426940557797761,10.009621512977176
10.543679529674025,-19.39373861856658,11.207603613191827
9.460382090405384,-18.31619909898859,7.920172908128546
-6.848632797060024,12.572843566139225,10.475324544943609
-0.41223995745157205,-2.055647876084299,6.540562685082559
1.6390024625338757,-2.0332051084690264,6.536846989601469
-7.1793924794219794,14.01119650964382,7.30150274635053
3.9788448106580856,-9.97136243332008,6.955197577164927
-8.086773825857044,16.62575237336523,10.887337577957483
4.511763423277516,-6.436237303384416,10.135683533104821
8.383054564596934,-13.528508213026226,10.63342666418238
-8.876780239007562,18.968012423694148,8.08441744194508
-3.841049760489866,4.266860489462328,6.6152275267597735
5.68229494294898,-9.472894597722847,6.940456275131778
-10.790084127086326,22.47984116031018,8.680907247648515
-6.52082848320405,10.148910238737962,10.318007124087861
-10.823176422624455,18.909852678982347,8.031461468535
7.566278992333771,-13.903132296491034,10.653470887208455
-0.04467784531196765,1.9018834406422933,10.06110369883459
10.947972881597364,-19.12068741126616,8.091449179945407
1.9306598674547064,-3.485516380544646,10.065811866782942
-8.747365394663673,16.906786319588438,7.686621924490311
-1.2568049670612906,2.352191478805716,10.062031435303076
-1.1095494549227964,0.12457075236795642,10.012533616471353
-2.7992600524465763,7.830440425503346,6.754411685716233
-2.589587038034462,6.662008864258162,10.112703063538573
1.1340483364436424,-0.23658218655230764,9.984350092938843
1.3611195901442605,-2.5191797587776974,10.005563295529456
-2.769029752458677,6.0006542163090275,6.702448422678244
-1.459761484028694,5.489247925590893,6.6720333225098605
10.741131448111775,-18.76786326541994,8.047360608651719
3.8885579280228777,-9.850233228574147,6.925393727338159
-7.8686660627564695,11.535918602085715,7.026172928567479
-2.155322431428028,5.778725252925328,10.133594445219734
7.609926846354148,-14.016179810374092,10.658290362076581
-5.855264284661042,9.796083397351952,6.90027401676205
-7.0060459524233,12.881583895015064,10.579231319672829
3.3841218407373965,-4.32663129399521,10.041170793747302
-8.119051983630223,14.02180243642553,7.358377970356663
-9.896568238780679,19.928663599533554,11.23546826896477
-7.887947441774275,16.289728086029815,10.836411849473993
10.301607385959839,-19.728156780491716,8.186347425758921
-10.97649804539832,21.086375967536576,8.381454942542668
4.935199063577507,-6.282463619789177,6.674582935454371
7.144656040081424,-14.816786985522878,10.724369340068288
10.196204086178355,-19.514309536950616,8.106330182416654
-0.6706993640734304,1.3296354592234672,10.019280272292496
1.663227818987793,-3.9230183786801067,6.503090453768249
-5.080992822345472,9.195364874650751,10.257558985672913
3.2351252515290474,-4.129822504333949,10.041640335732529
-8.062886445129548,13.908702062438405,7.275112836863058
-1.4167315227088235,2.540056489162418,10.012199019056533
-9.708838829263222,16.910069871697342,7.727750123009238
-9.40142291395307,18.24762698491922,7.913798490724063
-8.43825155117826,14.543663245736878,7.3590502867699215
-3.293179458337858,3.234910957077501,6.570309716518994
-9.8038574311617,17.879064314080686,11.073429587447439
-6.9837103552445,15.612775969834127,7.586505628355567
-2.8977424466979955,7.255357624446906,10.165094091558903
-10.71627388067969,18.747431873204455,8.005830806524003
-1.3488366284585223,5.189574364649452,6.571384736342294
-2.5837745324266397,7.528676211601794,6.739303792991134
2.3389988955888215,-7.037257486325144,6.681125270011247
-7.350345576833219,15.23568388399638,10.7883653041653
-8.089587989080925,12.038461333497649,7.112255744403479
-7.900179685422671,11.614268356186203,7.065213415543438
-10.25590414012428,18.717993127622226,11.160590798834871
-0.6622245475670435,-0.6262361722809616,10.006553635400978
-1.7529483382937339,5.018651718068473,10.036274839959567
-2.938107542012314,2.612315009469584,6.561385873250841
11.619945585816062,-21.315868028156228,11.452441378459836
3.014236582457426,-8.225376979048836,6.748191382935285
4.395901682694823,-8.132137763340808,10.260755387654047
-0.5605307969589097,0.2199239011828239,6.46087978274082
7.7644511862639165,-16.90463093301957,7.707962622794951
8.947293427566692,-14.530977404925451,10.704227539315529
-5.670392601618228,7.597923590952186,6.714528893711165
10.16112518435695,-15.822744830386116,7.5884822594561125
-10.020032115766528,19.26013980510518,8.085192374116476
4.082299051097905,-5.648350405841268,10.106858597997277
-4.057523307015285,9.220209941007568,10.292301886213696
7.742063967970636,-12.223701487526654,10.522683418154099
2.9245550158547964,-3.603767940851791,10.026274968671846
-5.718448675163676,13.254812378396165,7.290545026928611
-8.830552097591694,17.13441568453875,7.728498961486124
1.282692802268148,-3.219409152504225,6.519014512740993
-8.032584508440342,13.716574234588043,7.247676252159223
3.5954937827027202,-7.416600944530239,6.665731639648454
-11.082855814557448,21.290330364115764,8.377262488122218
11.212280876365675,-17.813277890676563,7.848438642493606
9.713834912773581,-20.464637859557048,8.296428920544125
-1.7437598200681728,5.970221723755819,6.66862952579213
8.893958263374016,-15.434752048580728,7.553203948471327
5.574200901594878,-11.048661101780276,6.975511042125559
5.017318294921212,-7.364863983081984,10.215176650507898
7.3865331859093954,-14.525455107322701,7.39409077151302
-4.950790991399638,10.964639360927745,10.388223783051634
10.695050313751615,-16.813627872682417,7.693092023466544
-8.059522134426523,16.60028728706888,10.905852864757579
-3.710433519376514,3.9762549420525546,6.596669455774126
2.7187028118472574,-4.963034359535736,10.128235355703627
-9.295518447098209,18.735344613645548,11.1198401344938
11.972683517959567,-20.130287830414726,11.280315241540146
-5.325051400895411,7.034738798480519,6.741058507778885
-8.487848232275864,18.227803988549468,7.961377801194978
-4.670444912718922,10.468416766249403,10.374101983526272
4.40853113661847,-5.417279248401847,6.620578664921108
-3.1334251466798784,3.061101928909288,6.55866003127125
-6.656161311377152,14.838390985733588,7.493578058016887
12.497764187358571,-21.166370410299237,11.476084943184368
5.618097778065437,-11.160109598983226,6.951438714910877
-10.357123205838773,18.93576916563846,11.12345965635854
10.532150532607515,-21.15975310949375,11.497296530743128
-4.576964199771634,8.387454629725454,10.235732859584568
-0.7591654547189013,1.4429375669287765,9.984660665347501
12.0715983316003,-21.265790326420216,8.380347932063929
6.215294475230838,-13.276526747505482,10.539103731620028
-3.679793711342722,6.672677071095046,10.17136709143982
11.239496934103077,-20.45193163876965,11.405358002118623
-4.638138049000455,9.46238565334355,6.858103477375371
10.903625577858362,-19.996965222485453,11.307972180279496
10.144242218043953,-17.61337525534167,7.863902698786923
6.228307336270625,-10.469930194336177,7.004451696768373
-11.142944516223723,20.352833442998243,11.304181752783697
-10.352841862688553,20.785602300749268,11.362510149421986
0.9734329230836701,-2.7515516766392385,6.445378165959662
6.906278933029132,-15.399041771802992,7.464424154623339
-11.83027305404476,19.8414615248395,11.305060632072953
-2.83032426067771,7.000143283357468,10.11412383770023
4.638237250018333,-7.50892950779831,6.734938839519635
-6.885053476191725,10.834358320553386,10.345058003857664
0.1960790515806083,2.4105038319717047,6.5667361655793774
6.538791789587602,-12.863506168488515,7.2143328377924725
4.11777563934947,-9.334833508036214,10.300218677241356
-3.4865326449371725,5.444736991837274,6.584348326981919
11.323572371506199,-20.83917105510295,11.417306730659151
-0.5975789268542812,3.9534307829269797,6.567633295823997
10.452515493495145,-19.136960555908914,11.141239795433007
11.68379040402697,-19.60276707366348,11.21116928428885
-4.677820739090853,6.7576616300493155,10.105188612333361
-2.547820107133848,5.634446016494229,6.670047326336002
6.527993613298219,-11.983215946238017,10.492119110499013
4.023070658673691,-6.390035585389938,6.687262403132864
11.608595898881637,-20.404057506407955,8.235555788887789
-4.148939739023837,6.686040148868253,6.671865256762843
3.6359986251801737,-5.822261090487774,6.625557607440594
-0.40241999136150153,3.4623276931515914,6.5062168346638165
-1.7682497515001223,2.288110168739624,6.485513838508374
6.92327672042032,-14.398627380791142,10.702826489409476
-11.26361147185363,20.58931794105542,11.355972151503972
6.233982435526291,-12.333701638369504,7.154730339984444
5.746744420170495,-7.693274004917596,6.7512665016731015
2.5194293253473665,-3.621290983778758,6.57535041712832
-0.2592069451047183,2.280541213570272,10.033600560409662
-2.9032429175062755,3.5224218929841893,9.992901438844676
-8.907476623413904,18.145180364095385,11.056555312476933
1.580363467819629,-4.669269951814159,10.074984306312416
-1.8213185969708632,2.4394796318749883,6.453793339030153
5.891009694334599,-12.527253659529215,10.558592027053207
11.98842149234759,-19.28309366468043,8.068484013614817
9.443000229688815,-16.36785140043884,7.685293307125037
-9.520102564017526,15.528263257669638,10.73528755396754
-5.706237764229339,8.619507687881832,10.216942222546605
5.963445653431081,-10.928537532179531,10.419592406154832
-4.153900559066395,5.7853923019562705,10.107399774966115
8.41753024690301,-18.0932843916333,7.874422740424905
-7.336871468666825,16.163566697863615,7.64114024022161
8.891988353176304,-19.021875347233056,8.017561641210602
6.584056523992532,-9.283397865180623,6.884677708333866
-8.925960217592953,15.426139681802367,7.482069931515582
-3.305607908828205,7.826609179122226,10.163603045045333
2.7165798762053988,-4.165977772178317,6.570914344354648
-1.241796407674626,-0.4758766311232636,6.503926275820625
-9.567953885330462,14.812041744852516,7.3989549174161775
7.995659145633599,-15.606845013704461,7.508576717415155
9.798821061631518,-18.857423730721248,7.974030913120684
6.762532809434006,-9.657160546679224,6.910204622181494
-3.369607815890646,6.186073681254702,10.110629828533051
-2.6209973041071937,3.9003175522247555,6.518535178478813
-1.6793728564107724,3.9361709850720867,6.593271618630519
-0.4553375684649943,2.720754102261125,9.975791172356773
4.843027996740356,-8.895029819241854,10.252237101163786
4.716500357115818,-8.612682227179803,10.28255434539756
2.69346476812398,-6.809113922069088,10.100664823577995
3.599733965549053,-9.35431691560698,6.851328372212507
10.054135538482903,-15.631971903662754,7.567959121665997
8.309579863258849,-12.450154189361829,7.181116029222691
10.716462163850268,-20.555898846927875,8.35294003527692
-8.803967296607683,14.185338416376029,10.618163335689859
-3.691252775658155,6.766757043529928,10.143472557164756
-2.6829192238821977,3.0761248574319486,10.02429902788529
-8.626923099957278,12.972867529994312,7.241339917147486
-5.485695479687607,10.969480578103443,6.990899904486066
6.278112585329089,-11.426059171601194,10.442585444443187
-6.8062937452698105,12.413408642748436,10.546069678228504
4.292021963236346,-5.988276222324593,10.101718723439387
12.36929073500394,-20.761188136748597,11.431761896962545
1.951255427726808,-5.3780407845364415,10.119235030523399
-11.472496092416927,20.880944940503245,11.407990274669604
-7.417222012873476,13.52310999751493,10.609191118217579
0.4309013363052242,0.18689400748622975,6.556850850200525
-0.9248175057664519,2.640002716487569,6.583711824519229
5.861688871627949,-10.673845546027076,10.37479882722082
-9.396140447319226,17.289347777156735,11.001105768434055
-12.749245026747081,20.555070825250564,8.339013737648328
9.460308648350855,-19.116913870232327,11.181297899490918
-1.012245771363537,2.7817639048017755,6.565532737689104
1.2942256569155988,-4.227430117385475,10.072258252138711
-6.750849081306503,9.510674423648547,6.880421997733314
-2.115703454652234,6.707123566480119,6.733121012512007
-3.625650753694847,9.367311213226245,6.843040784770688
-4.8751129458520515,6.236433786341597,6.6408773518687845
-7.1594917802106615,12.225132751778345,7.09798862388331
-6.784185950274424,15.150955333583155,7.497781104986954
-9.933103795519038,16.446599499603284,10.871394901190044
4.267527683507162,-5.944072173773569,10.065664551956171
11.578405111501581,-20.254550982473006,8.209404028610408
10.425028398920803,-21.90478976311694,8.529756852693566
2.6837358564333575,-5.88809519416762,6.637530083661171
-5.323087172660586,11.593463675129215,10.433858652714608
0.41336604166554897,-2.6136217853106403,10.055084037242514
-1.7303473595882157,1.3595530385036034,10.022983476587148
-10.022637641734411,15.571138228200985,7.566323991251801
-6.245920069026151,8.708721655705503,6.806250112100911
0.9143713512133026,-3.4643011113850206,10.065920132012073
-12.232355076978706,19.691329449255157,8.170637464260825
5.855119681153229,-11.73852700985426,7.084117499313469
-7.31494813641807,15.246715479604708,10.750732788661693
-4.312830471117704,6.043470136574385,10.153326042414331
7.279656939918382,-14.282026793637064,7.302360655212433
-5.2565009978449995,8.657515312650009,6.820175316152648
-4.485858331923566,5.4737731225732,6.64807088517787
-3.435098395895551,7.22836422320914,6.738705671899351
1.8872935188357283,-5.2014741918083764,10.076266230659666
4.130726801592738,-6.644692282903262,6.723006130130684
-1.1879410880636572,1.236938801905031,6.45886341244224
10.5929689167291,-17.53097130012853,11.028328163581284
-8.659055340521824,13.129532316487062,7.195427019995243
9.02698255301039,-16.525675528539225,10.89075196995933
6.496032690931726,-14.68157393344663,7.422215848943881
8.545005859460174,-18.430543578618334,7.945750813854168
-10.461694669145247,18.250116827516795,7.935171423414391
-1.6537953348579935,4.0602676935043815,6.631051867311544
0.6182103229012942,-2.962432455048002,10.01581392823061
-7.148470306436886,10.250974385540564,6.91003586065594
-6.5885350198604415,11.102393658820073,6.9576325277297135
-8.202879464069566,13.223524089667483,10.590455287989162
-2.3280847011038515,4.345511330644747,10.040615016696972
10.22083597271623,-18.60528248260777,11.13740333463621
4.640146618137408,-6.638162204059713,10.187330458955135
2.836739490633774,-3.266007377780389,9.988315746277536
-7.444821709435218,16.3771219445924,7.690047925212626
-2.0170142590300495,5.470471204780732,10.094074022670291
6.907768888286477,-14.507148195742115,10.634800418626968
8.810315710196132,-13.381209369464331,7.237083135851298
0.672518884978945,-2.2346630480010847,6.435663398405507
-0.685633151682899,4.059535051246285,6.572819050871014
8.411723751627019,-15.438838098068873,10.7527956486279
-12.230625212969066,20.637361105771657,11.371809767205674
-0.5637538930793383,2.8877992258865977,10.033943764675833
-8.31377867996754,17.918467823885223,7.911437117238064
1.107574712821815,-2.034592500865592,10.045611386634002
0.8023965168852629,-3.365775366642594,10.018020798040233
10.27504083610289,-21.547237947810245,8.473238525078422
-10.534274454347427,21.0497185298856,11.384104791887214
8.680821584924196,-17.716739609112,11.006172404217379
-7.376332378723595,13.514203336858793,10.569168290760622
-5.947173654534144,12.771933989263601,10.4933878470217
-10.295662681019648,16.043474740907627,7.625677255260616
-5.835541394635352,13.389357740805293,7.321268969389836
-8.313795431411577,12.501573350460898,7.158006745510976
9.942450295539258,-16.323431243270388,10.83542154081
-0.9956729336129237,-0.03563376853482353,9.967058564352909
-7.409877772815626,13.603132995206513,10.620816164668799
9.658857938429273,-15.90610299248275,10.782546829849466
-8.021753068237798,14.698168456267146,10.725743674495082
9.106496447893084,-15.785546986425908,7.613411344278192
2.524462431421632,-5.503450837722156,6.630484688257166
-5.7588270407784545,7.708606301863621,6.71672683343167
-1.8573356742535234,1.6048109830417394,9.989311555927031
7.161918916007671,-11.233610152222417,10.369108859240804
7.34207373353732,-11.653404747184778,10.47482681734275
-8.110233080557219,12.06483007643896,7.093562231093278
-2.61882307203142,7.652938049499909,6.700597369560391
7.454048785902254,-16.450576466080687,7.653621323853521
4.58977531596289,-7.501375885986549,6.79069565499426
-2.7319361218330362,2.2607832602597435,6.5580640938061965
-8.70286387694518,14.929080596123457,7.472956086355436
-9.298750431745365,17.80134146536921,7.871100260859443
7.284624413655721,-15.2803511383469,10.730509658607563
12.122442789484245,-20.384895053215317,11.324256833058312
-4.431420548891476,8.944456138059028,6.872194882362207
-0.908277672506702,4.44561304343966,6.619466906660713
3.6512922448040275,-6.647716424359054,10.097170647931016
1.1239320056840543,-2.098363634138938,10.02500328058634
-3.837770071553906,7.06598745205165,10.153608193259142
7.858991327251312,-14.364543018982545,10.631433024794177
3.044994608093252,-3.798306531071374,10.09619918733841
-13.06932189327223,21.12659840809228,8.375147822329707
-0.13453142148410357,1.180925711919506,6.492224637474737
1.8598637896682535,-3.4366340936891295,10.072620504493276
6.884983308991316,-14.351893081669987,10.642232483655413
-5.764055307114176,12.40921875195032,10.451514457313177
-9.096306794190847,16.748345121436166,10.881519649666966
2.8866981402909744,-7.045677636317734,10.16813865384047
6.761121100426146,-10.446142115018919,10.375364760675318
-10.302945234454336,17.8801769351506,7.891298469709116
6.765241572623372,-15.083965998785562,7.452478182984176
6.275644369247123,-13.27678582760099,10.578856229282593
10.049796692086293,-17.497293980813865,7.846407723148148
-7.253095748725717,10.509917462436977,6.943999505213032
-8.117355670982388,16.731568162431433,10.873883634474037
9.537718209128627,-17.436129223850877,11.016129907990198
2.7371373024149603,-6.9474152588643125,10.165874171772922
5.767188887269614,-9.699273022900384,6.911405488922814
-4.408299099678246,5.396067972594041,6.586446214265788
8.088801170356668,-15.615223263808566,7.498051240668013
-7.686397046489083,16.759294228085885,7.761750360200607
-1.1517865221310433,3.9345564157225925,10.040987497749436
-0.20764709241325416,3.010169749566983,6.51484720878555
2.3219216238397373,-1.4699935217667712,6.533563239285591
10.258656212002746,-15.90874833458784,7.632991920079085
7.167822097123345,-12.226692483240376,7.098428959883844
7.775368121312932,-15.152515903308716,7.505011718031697
8.717640919596684,-16.055834758542254,10.876924872202174
-2.8828710408254725,6.1127285848355495,6.725117341892758
-10.488348355952118,20.138246509963068,8.181398891904916
5.261020405749235,-8.670653324222101,6.82572076511882
3.8357453729928777,-9.706689187206637,6.918292894087261
8.399322141461104,-18.101029032770455,7.858283962796604
-0.5452791780672427,3.790856858773572,6.563194757891165
6.486004059611833,-12.803012134356969,7.132652760427909
9.873179164714365,-18.973226992739082,8.046598062290146
10.754581751513308,-18.755990722588816,7.99139955089917
10.686025390785288,-22.237204789777852,8.656711691839746
-8.025731415487527,13.782898018180617,7.250184067071802
7.602881959878367,-13.130467743163859,7.261533719912311
-7.386184199225266,13.472800631242137,10.626903072755908
0.944643728526296,-1.6338268788956658,10.008583140703085
-9.044823565908017,16.668579942757948,10.899441782749378
-6.563923092425111,14.805652554667295,7.487010139271782
-8.407787241207352,13.576957178674324,10.58793355142644
5.315553254470628,-10.545238037865772,6.934065450903952
5.298833806102774,-8.674867734233384,6.844339427965773
-11.30038473912016,21.639276623794455,8.521316743443975
-7.137926373886268,13.076874927295426,10.516241952165393
3.464035178820545,-6.408122014073559,10.130695356119293
-5.2049345600499946,7.82040436493968,10.153735342181916
10.991037465943778,-18.340793131443277,11.036360103025688
-2.8599095037588973,3.4308371561106292,10.049882475269241
8.426531546206787,-17.22408749606923,10.999645271535798
8.504456045256767,-15.57668631285825,10.798225139377873
2.9025169130826542,-5.255754385271857,10.088099617428636
4.666368250473848,-6.627387180826523,10.17048177041668
-8.119600489154157,13.008193597971527,10.525281902511615
4.4367429667417975,-7.334740142902729,6.783371544690112
9.117363837316157,-16.58137354389417,10.934638342861279
-3.9300806759009212,9.910055786418246,6.914509717783002
9.077337407478877,-18.4145797868927,11.15090777867635
4.19838639374683,-5.8027576212063945,10.114271197514835
1.990617784345511,-3.587661924175634,10.081500351651547
8.59918214068587,-14.871872951396977,7.432201453034621
-0.6739712974730238,0.27665033411153067,6.412246486613729
0.40888324448777846,0.9986536449510371,9.95909221487781
8.564919292295304,-14.748627590376017,7.442161232754594
4.655943854824373,-10.293433874273887,10.316886681104348
5.508562434900653,-10.933301545313904,7.010581986917499
-7.4220051794983775,12.71099950551797,7.197653804794235
-1.336194125074503,2.4209288267645754,10.051427175718981
-6.7659977387995465,9.728025394747826,6.848280420508872
-11.17874758336719,19.60001372304202,8.116776347809544
4.222857918647719,-6.851268209557007,6.754506375034386
1.171833388023234,-0.2659258128109436,10.048948873198777
-11.249895979284837,21.62563305869059,8.503519050883133
6.2922264975875875,-9.63116150324959,10.336814080873353
-2.547643473363865,1.8283587232032694,6.510946183647503
2.9007919146724412,-3.484303296404469,10.022350745476581
-5.62539040835006,11.215964772248672,7.042207616120995
-5.595892839255981,7.465153928033914,6.704462671995597
1.4654277537411067,-0.8677676496027514,10.04713925373929
5.279235105534122,-11.505187123259745,10.450468839478726
0.33673267579310723,-1.5431190928589595,6.477167167954905
-1.3632675954086864,0.6093883866875576,10.017965962528711
-2.795976768702112,4.216432925716884,6.5495934974718955
4.349892755590579,-8.786692137253723,6.799152679105014
7.412870879522005,-14.442481612200435,7.39664410420748
9.819019020019162,-15.20607117377216,7.464089690662821
-0.055120359546136165,-0.6909734480384683,6.4423579840883916
9.270429584120011,-17.84246216818256,7.856229287235229
-2.8499417200481307,2.485300671417633,6.518178678342086
-11.528418131661,21.072397523298566,11.449438055760066
-10.858514637028717,18.92947443019649,8.037033335470628
4.739165911874186,-9.629217756329625,6.844038440313
3.1651775921558136,-8.58172728484881,6.774761836227284
6.837461429620414,-15.248562254775354,7.505815470067037
6.352860292319023,-9.787036245569361,10.349379933400021
2.0733277151650187,-3.7258008022334255,10.07060368527356
5.559794912144952,-10.131508127021812,10.325955021132595
1.4747272299867464,-3.716669714778329,6.472915141811814
-3.697405667191453,6.770646961650639,10.108638176231771
8.535578608063734,-12.76907805489477,7.195521624214819
-10.396328927444424,17.096475519171094,10.984956874756762
6.33057375225458,-13.369084201540458,10.625293289830566
-6.816700014674274,10.569198236317428,10.348665203304039
-5.270429327190013,12.446974140619123,7.181902464290746
-3.553678292502245,9.195055708134303,6.825380407848565
-6.541506800884156,11.939644014614354,10.444957926913238
11.271499815857126,-21.642126911920897,8.497308701963679
-2.116857209989703,3.8562798148920194,10.061816964296142
-10.027255718361198,16.458444638318106,10.84978283752618
10.71727791526356,-21.420426754827297,11.454543016710705
7.607873949807289,-15.727130520388759,10.765138826942309
-0.5032621617317288,3.7090938265109186,6.574076757302653
12.832065712389973,-20.650146351176737,8.369205438477639
-7.896506937532333,17.162983988255693,7.8195688074647425
0.57825146485651,-2.861783079383034,10.001700858394617
7.833914469249156,-16.24276160979651,10.885130704603256
-4.780244285282798,8.775173554604455,10.218643937171894
12.13236158441978,-19.34886374514944,8.087951400373765
4.406419061844873,-10.029477112889865,10.33107057589306
7.270061550581954,-12.350532790341644,7.127104827833827
-4.201045938831454,7.769082541681781,10.16598214863925
-4.565780406701123,7.413608163897896,6.667570456773033
-4.219130015498784,8.689113020133355,6.883800990338365
-9.477988048681796,20.090606785544267,8.288805158148481
3.390616383727556,-8.089512263410718,10.229263743796345
-1.6490093866791249,2.1095539908338754,6.419828945373527
-4.645195713497055,8.50100674093067,10.263550586721834
0.46536157816148294,0.9329629445256676,10.018939250497981
-9.320715176626193,15.152649728901066,10.754130911875535
9.269963782137152,-19.72396087201436,8.172476721029877
7.20070988306618,-15.999016306029258,7.617522575555694
9.329497220972673,-17.097134472920562,10.945832775269254
9.054746875801372,-19.22332286511641,8.08008887907568
-3.824099551259785,7.888517100634847,6.746191130083129
9.649145028232947,-14.923988774950537,7.454434384573741
8.495823584677922,-17.398046718750038,11.022960450319998
4.059692066913156,-9.20661967394886,10.228051263084549
-8.412153295211688,17.309299783953758,10.972847636056981
-8.502973711848654,15.594959180619709,10.775789697795195
-6.58469985228664,9.328241682392637,6.841526886240685
-1.950544683885742,4.523733966714571,6.6233853024635545
-9.19217672868305,18.619716883748342,11.087956785333185
-0.4373392512034225,1.7773222104741069,6.537843542271989
-8.526916465094233,14.659298646077584,7.382174671361019
-2.034403123578004,0.9396709101521102,6.550106972647853
3.669022413486972,-5.704513209240197,6.700699930123729
-12.096325254324292,21.256027394831698,8.435125720952472
8.881215431817244,-13.46146260022129,7.305176428972583
-4.9227135895526875,7.248117830899857,10.136977246750401
1.2722997255059907,-4.147430893070471,10.030709262059062
8.461721222262742,-14.506010233552894,7.452928621225781
3.7991266216526807,-8.800445565404129,10.273004215435638
1.5959722998701,-1.0288723099849786,9.959948062967232
8.104258161980331,-15.701472642748065,7.512786660418938
8.26523695899101,-14.23507535171603,7.384992818848493
7.71504896675302,-16.761720759694384,7.6970939900668816
0.0891255527037325,-2.904893919984122,6.534904640112207
-9.070789479362064,19.37257464495023,8.160164603391756
9.403544085943174,-17.196583489339606,10.955099682578782
11.262633098293257,-20.65562162322411,11.37279662877945
5.442933344341748,-7.167116347363072,6.7539920140615735
10.155420541674115,-15.834524257985871,7.530146096289085
-2.321440297536322,7.073752144552262,6.683310767707912
-7.329172786072715,12.387332955174529,7.088943630985283
-1.6181201912966738,5.794822909202527,6.598326099129668
-5.971796858297644,11.004042535950633,10.390296586997875
-4.005935962522188,10.197090551610316,6.957493409616188
-1.9851352991540965,3.6582991475575075,10.066693305398584
7.468923265884748,-11.955513899188484,10.49054425368561
-5.537872714340566,12.839693242377026,7.206524693952265
-6.018969987134595,12.81938220725414,10.522709939544754
-7.69466220182897,14.967675026698286,7.431096309153128
10.495924833943308,-21.864971976340616,8.52370199736244
-1.1187602985940157,2.1343238396243986,10.024612521115452
1.7224714661334217,-3.985258445706846,6.558281268988949
1.3045044286794294,-1.3782529957622616,6.520384748318976
-11.00732076145819,22.001869702579267,11.595181428054728
-1.292954355782148,-0.36782779150537875,6.4685143346426495
-12.065319485003968,21.202975681136753,8.434282261303203
7.46789753323923,-11.002531213035047,6.971921282575463
-6.91530668339298,10.016496837402537,6.943382019636605
-9.441554263966447,14.594568123907306,7.424998499128543
-10.067216692802356,20.27278284996102,11.353385292836602
-9.572457695888788,18.44431041476062,7.929328419056665
10.867853636665357,-21.621068982848552,11.484198005780021
3.697461900980532,-6.863118060891762,10.114328733668067
5.130977806644487,-8.541974392261102,6.822457891892775
6.228409289472581,-12.385237173994483,7.128764460784853
-1.0032798239735807,3.66234334724789,10.061977664364587
9.675118846141144,-16.692896064128917,7.674500272346297
-2.678108567825379,2.1515132097401395,6.4974336202429965
6.132632241891161,-8.442249694189162,6.785981669827277
-9.120524122744959,17.633544495148968,7.848775808198678
-3.9213839451700756,4.464738869033546,6.629966345057078
-10.320718631093005,16.20854818203206,7.659418214365073
8.148655882648047,-16.647105750933104,10.879925950776336
9.807165013619617,-17.989646790144633,11.082864732941855
6.049011937075985,-13.722144268221896,7.305494721821399
4.704737035839258,-7.825510188723365,6.808934345171799
-1.742608876693294,0.37843611638989494,6.523897457258537
-7.550496901871739,11.098626148618775,6.9971000007998825
-2.4212403828843994,2.6500106719171193,10.02152425640672
-2.95480236983475,5.457309501185411,10.046082907099814
10.330288978459157,-18.8980226588543,11.14102449398935
-9.348511171710463,17.10155014743023,10.918828467982507
5.060330403128944,-6.478484778902986,6.640637744128296
-12.227874859050152,21.4662967971787,8.518011891375668
-0.008755359181907008,0.8408927179588659,6.563832924922503
-8.964406982666357,17.28979359200846,7.740900441715395
-2.47092121659008,1.758037865429702,6.48501567149204
1.2109707101622507,-4.117531877723773,10.040952377419213
-10.665397119567356,19.607739468261286,11.290479352794557
-8.988040032439976,16.542801527406,10.927125781510115
3.8128128797686367,-4.19132388153312,6.596205380034979
-1.9506314281634216,0.8513992861410145,6.468154670855266
7.947824289045685,-17.26094960456599,7.795884117088596
4.965676612881893,-9.059598847785104,10.315315350994839
7.9959162409279845,-11.906478361174909,7.132909677681353
8.040767566449803,-13.854699012427174,7.342961636627895
1.365646108771881,-2.383397040722655,10.060094670206581
-11.041298727651693,17.451289147746895,7.752951068797618
-10.0890453030514,21.26191002131964,8.470315042921262
-8.820685619743655,18.838788351373807,8.01421944196081
0.13500432450292754,-2.110135018974997,9.974945037173091
-6.8683688987465015,10.66385515942893,10.336647773375931
7.94842679080476,-15.422470103955174,7.496909113808359
-3.535076104776155,7.359429343679511,6.739123656685429
-9.024953014793864,14.680657821313387,10.694688126376043
8.626001678903798,-14.855245578560641,7.431826994139707
2.473144612697482,-7.2617496517730995,6.755828300937773
11.531567883866344,-18.36404432601068,7.981395557236175
-11.639055578632105,22.113328708348945,8.536623992343312
-9.00373033856578,17.501484006406823,7.841225617697033
3.228327835024261,-5.8619844197981985,10.06315380081445
3.7944162591709714,-4.22289994960743,6.544694490973805
4.499586996896676,-9.155706222124111,6.775315894602792
-1.2316357086726135,0.46296208189122856,9.991584680477882
4.237747124632626,-10.429385373615903,6.98606291531798
-7.650970567377591,12.99178588114701,7.189529898365267
10.00166081723504,-21.017553011174094,8.351121787994114
-12.572837061951171,20.254471829828777,8.262270166885838
7.796435733195685,-15.241310590871862,7.498900719048903
3.9880719716479933,-9.159493046183524,10.291214376083204
-6.915374630814485,9.940666672081761,6.962971131949935
-5.0117842655055815,10.12859039128455,6.975198255841329
-8.104869651964894,16.615295470941593,10.871312944964053
-10.085325575499583,19.34880266410971,8.119298109947676
1.4413407069353756,-1.8022894911259493,6.4872135410093135
-12.30738990182807,20.728351890298192,11.383901284682839
7.483784370195647,-16.48856245629121,7.689215663657824
8.328911129057614,-13.444963076020969,10.608408784779966
-2.114365240398623,1.1757026281382406,6.497593537073106
-1.9317168051447076,0.7080847492738254,6.52121970987053
-7.423989696127638,11.698211183240188,10.464092447437565
-8.211586364067415,17.710046387399746,7.895494452080131
6.340548026157889,-14.322515079358329,7.3695194256551915
-9.43228123609168,14.547231699816246,7.38539745618797
8.360929351040348,-15.304767923086445,10.793032806214745
-7.828416695116701,16.07466404239715,10.808789405439207
8.458013213206518,-17.208519859383152,10.946353118433487
12.021509318966157,-20.092680451309224,11.26109543467515
3.5859696695719645,-4.76457659371652,10.032898150051091
-9.982629293046054,18.20964872063165,11.037874070652727
5.509003382197313,-8.144093465308485,10.218295495305236
6.480474532125666,-13.743797229393273,10.572010552306642
-7.640596266151201,12.184507772883512,10.509443313562572
-10.424133037672659,20.057968854928667,8.234954726474776
-0.22317988492580462,0.41002966071322033,10.024375506394389
4.3289839728042585,-9.71282724939594,10.264677365376121
0.3780015460293506,-1.5913201664493137,6.449855165921403
10.031385655979559,-17.353112142864244,7.751642341262138
-3.810201606442499,5.150178509660715,10.084554034718828
10.255991955609892,-20.612173913520756,11.345185407615041
-2.0939933320567325,4.810726810876332,6.629246372360494
-5.908403879567723,10.865937648377006,10.411435191925943
-8.363769333006362,12.573127390970713,7.221495847110697
1.6859589898763228,-2.214565892191422,6.544012611089888
-9.681676927150322,20.419824371787964,8.313862954981724
5.377747124717771,-7.951793733321245,10.184907229209438
-1.859031426437899,5.272024540647833,10.049536018847606
-1.8953924490873566,6.184406168634159,6.661206449055054
-9.878689529621415,18.022349015990667,11.074179018164692
-4.395591997963035,6.242629573085658,10.122918677857228
-0.2624753553213722,-1.319934123494365,10.047556646117595
4.8073174844274105,-6.162331125648454,6.6790986060945565
-9.855738826641742,17.10060703056027,7.736488774074183
7.243674012136721,-14.127724239288254,7.358706076077209
-4.958696737764607,8.064095824532,6.7860132058112175
8.261480066242024,-16.90991107559203,10.878492164566573
0.6721473036857213,-1.225001767652612,9.999383521703777
-11.239380069519013,20.521069439148725,11.316977454949559
10.687232489002989,-20.39468588522665,8.231686409991124
5.60384353441954,-9.296166706559566,6.8621626046883035
-1.392740808126169,3.423186477658505,6.556089455424589
-1.9389190896844126,2.578062671922846,6.516449635955251
-3.7059483138815956,4.067018470694522,6.575847563307447
-5.6258352570000385,12.98122280966558,7.2253425153646065
-9.471916258304152,17.41617503424867,11.002698208627056
4.493069763660364,-9.18650395129947,6.8562421150911215
6.181788357701372,-10.411092125578776,6.989416876302265
1.014541522145967,-2.892805984111043,6.531133777090427
-5.798770821838809,12.368954917660519,10.442072684668439
-9.084658149200015,13.831865851730674,7.340125737552215
5.921866615798275,-10.881584735329561,10.38233416723692
7.81939318794638,-12.351585311285909,10.516948436569768
-4.7305770869187125,6.9257718613947645,10.13195252132765
0.7541190180863095,-2.3745732018023937,6.488624373099113
-10.68806052818809,17.771973185100567,11.072250581597054
11.997101845857465,-19.214651865682182,8.085172471071171
0.3571587925536239,2.1600516096580087,6.565637668549806
9.75117084092745,-15.96275828991283,10.783148732694356
-11.09010037944825,19.37289452649976,8.106075550799751
1.509524401533716,-1.9017939302433589,6.542443412003789
-1.3911370010924027,4.447721059820897,10.0553958227895
10.63886481548796,-20.44143112107174,8.322007243570702
0.2672833905223122,-2.443116553576055,10.039529489393797
10.630121016464683,-19.400177325265407,11.259675002710798
-3.9674217377034227,9.093399666030994,10.217361036789962
5.022748880700241,-7.393182141484753,10.178168286353722
7.734295871147597,-14.1938649666293,10.679657626227414
3.8095126842644254,-7.8111422630983185,6.724139248260463
5.548135984035699,-11.916251677117202,10.470327854872766
-3.1074882409186495,2.9275930919774273,6.524382366868176
-12.071841014732087,19.318502614460854,8.049952997567676
4.376059265641268,-9.773830428240496,10.320882199418666
5.018424672649334,-9.120818378074095,10.22587239842862
9.338504397574491,-15.354291220572325,10.751998197139184
-7.259105305424986,10.539353581839642,6.996787068742827
7.997916737536583,-15.435939334928436,7.545191595047055
7.557439050037409,-13.934425094853724,10.618918472798335
8.706065911209649,-14.114706009281344,10.647911631201316
1.327786306803693,0.20170052985051176,6.493743204084173
9.252737151400154,-14.239302821995267,7.415901518571999
5.100365120805045,-6.609086938245638,6.683806822981218
-9.99150469305518,17.32364328486861,7.796675730031191
5.3407611535336885,-11.671541354296174,10.39988809730127
3.66853852099362,-8.571116000542414,10.272175550817511
10.711008258437433,-17.805434919452907,10.972710408586535
10.834906828688343,-17.032587445168446,7.734056995960917
1.1947052581404738,-4.907040974162803,6.60811903950665
8.69931381554085,-14.030637735907838,10.665248871829029
2.8210441238856694,-7.95519763908656,6.745224197467289
2.8401046314849645,-4.336740589811782,6.6460937259196795
11.033383741441007,-21.173687974044018,8.375064375735535
11.540789278903276,-22.1351511656607,8.552386943174533
8.453112151075302,-17.344326710202104,10.933617208890517
2.331489732235264,-5.189336575113781,6.5536679071226995
-4.466273637633021,9.14650108164651,6.873844525416515
-2.4695313045112246,2.5841591562887234,10.033493277864453
4.166121424319849,-9.356163102805283,10.281902048382298
7.246843210784349,-15.165945942861512,10.70873517858756
-13.022055735518512,21.13366919076502,8.393927534975807
-10.170480598102115,20.34703938044133,11.378022114454453
-2.7415088570664725,4.97383176086676,10.043855095653383
-8.843714009558614,14.418807927727423,10.670961060878382
-12.397721185955653,19.86842487685192,8.140271970764562
2.3381071444511017,-6.904949309545457,6.691707920674518
-11.169229613609694,19.407116792172097,8.123220513179302
2.4327817805694574,-2.683791421828895,10.051310675997879
-3.9058072342665793,6.2701572098569525,6.635466743334006
-8.202745008055414,16.882368467453993,10.891107690209173
-5.181115843886084,11.3080638288286,10.386259068410004
3.4564736141062773,-9.094386772306088,6.888915203634645
-0.07553358701136229,0.18037080658047197,9.978852130446969
2.0135438440562816,-3.6970650796710545,10.07802269141335
-3.8453450919788827,6.0629178924424,6.6015429022673295
5.511094054093827,-9.960986841560274,10.276085668641809
-10.821765776639374,17.96243805875328,11.073583045391672
-4.1445526127955965,9.40220442565132,10.299373610712994
6.785835950112383,-9.659944763637377,6.920840958130813
13.009352577756044,-21.176589822569465,8.425550243918856
12.895478236493274,-20.83086692924089,8.399463814061935
-3.1016498986275187,6.529567176658636,6.669302722355657
-8.868710765746894,15.21176280040302,7.4932365086719965
1.0852532676352038,-3.9194347995935352,10.087728760501033
9.41109185451659,-17.302126721828607,10.9956932306897
4.535180101686759,-6.445976083291122,10.136761689674957
-8.237629281083938,12.338651230132314,7.191966721934015
-8.068479649410365,17.43706012258202,7.7913202473772145
5.666625086699743,-11.320437705138067,6.9740526057221555
9.227831887186548,-18.669448303341472,11.152281643218675
-0.425370598407386,-1.147556779391694,9.968822719843978
-10.834693492227295,19.81830088991213,11.252233066382086
-0.22562511469528404,-0.4700723028730144,6.426001138114817
-10.454926182155944,16.264871702912394,7.613705099238259
6.974416963508518,-11.784628023568091,7.055622403227852
0.7113932986211681,0.5534294673006416,9.983133277809964
-9.539095384751677,15.668025931889371,10.778496311334608
-12.186084041983735,19.631908460389862,8.16003183549328
-6.06521544055083,13.850306359977946,7.291258426524385
1.0306637856194663,-0.9406815360831204,6.521142635284525
4.675708600556685,-10.38021077697267,10.333316515663151
9.92616153991162,-16.243095628671664,10.868346621356741
-0.05907282906328408,-2.6383455918401926,6.510317584714635
1.6507556614519978,-3.99441799655789,6.569829199748245
7.650779400484276,-11.298598099030638,7.081656846538615
12.190378705505953,-20.49763905277587,11.39008963873368
5.959585898557584,-13.643892308559334,7.328130405216971
5.487435222622866,-9.132299827215206,6.899443228534964
12.983205517747958,-20.994632483327567,8.356499764951554
3.7846246603444307,-8.843115288482553,10.238039794449296
-11.856213211796346,18.939249509191665,7.992358915825855
2.023999556765546,-3.7008521199731663,9.999738337270701
6.068846585014305,-13.007980157994883,10.598633381210503
9.518752734307881,-16.41754168679825,7.692723752787073
10.840094373191741,-17.053625363711603,7.748160372546929
5.589762334962617,-7.509021241903347,6.736939837811334
-1.51215950655493,2.7813950829085083,10.015412451080351
0.5343386425833684,-0.9344995649345678,10.003368661675516
7.350480561995156,-12.529784110319058,7.1590758374367365
9.13395972549667,-17.685800292383984,7.87038366299313
7.948052644173025,-12.625742746290776,10.532995316886069
7.4288996759932555,-11.723381757889234,10.445267505798324
8.585328554966605,-15.675017155257247,10.844685673771894
5.819046991706231,-12.474893951516838,10.48316638595979
-8.603651909684386,18.425778333237606,7.994239127704853
2.771603207630238,-2.435665588074319,6.518734715652026
-1.4073927243044686,5.2865170026810935,6.598841191931069
4.389797270096265,-9.89602519565921,10.28615134367289
-1.0588249373784793,0.061275539279155335,10.019081223929929
-12.029986628871228,20.08412407696175,11.35099919533482
-2.486888478397569,4.631557020155122,10.05908415869732
11.161423820826522,-22.287404394639708,11.649597918021197
8.164387180655064,-13.010401189320506,10.497852110012639
-5.083934099244754,8.360022981720785,6.70921381089964
7.53090737106039,-15.637180748565362,10.783507563680562
5.894569256628999,-12.581980347766532,10.498004173645851
-5.876500490953299,11.71626405738049,7.113802036214524
-5.343399100881037,11.623277783308891,10.473499561196522
0.02460673112234965,-0.15888257815420054,9.997313088969733
-3.3408043584756646,3.3580346736999465,6.565308459936843
5.437064643144715,-7.278213828380542,6.775462362986215
-9.44040405939885,14.512412022754534,7.398698257532314
1.6568156562579452,-0.4220757975578351,6.534585462287654
5.95025608286822,-9.914243100227553,6.972121783793672
-1.6606509211896419,1.2074011993955545,10.010131735464382
-5.282443027179249,9.696045062166215,10.268077617672816
12.593331528923663,-20.428844246070348,8.276206259860823
12.182884606761528,-20.450171042473492,11.376076751428192
9.523826871766394,-18.364282037759164,7.920510300442659
5.746598493055674,-8.640994059182251,10.260286382448406
1.1427000807220713,-4.772422922546459,6.62902518416113
0.8436426453376857,0.19301319884719134,10.02102180302772
6.934121147713841,-11.787068969599618,7.087126586561663
0.3019820362513784,1.271462175475454,10.028211247130555
1.4864009401805243,-3.5746277539001463,6.497715553119604
-10.37838025448318,20.01245124671545,8.15038387754233
-12.35803019553002,20.80342600713731,11.369058408072144
8.777428732504697,-13.211220245116303,7.3036256445846455
-3.7273612256492856,5.855965287909379,6.594269115837893
9.44159977119695,-17.188037695163768,10.9960561812021
-5.24645281935861,11.523456990849791,10.451053860446873
-9.131083698142602,17.496870240758692,7.831448364875345
4.364891126520864,-6.185792835098692,10.093145709260822
8.592203681678026,-16.608415548411838,7.703903728788755
-2.4045164387632227,7.213565427839865,6.7566239901780385
-5.431333802834218,8.188714930091,10.212367495159016
-10.586805611639644,21.138170782174644,11.432126343674778
3.9528167826577145,-7.165278200289142,10.132246654949837
-8.350230080134624,14.35572352664112,7.3974026842737794
10.861901665110722,-22.60558886317211,8.694560293967275
0.3939344756771355,0.14753661156720402,6.475755574716729
-5.302800158838984,7.914463561488241,10.197640823718578
-5.390301422448364,9.859193434193667,10.312381264393657
-6.394717856232799,11.600719670788807,10.46442168008736
-12.112042396028595,20.43527411649732,11.367143318234605
-4.856647002028001,11.609127957677307,7.048509916892128
4.623819625268117,-8.500038049960493,10.228274887539829
6.320621921280882,-10.58410223874201,7.002397394329455
12.786027950318354,-20.642193426795327,8.358465737392104
-9.797816435076369,16.0671325436355,10.823826421943957
-8.466301760274462,12.812476549586048,7.223417847769999
-2.7778818369909706,7.846859868329076,6.761375030796837
2.747607412809686,-7.68049378758338,6.759103537416205
-6.184454732207997,13.111640657814254,10.525373462841864
7.955499164906339,-11.741875849992121,7.1023223627518295
0.31721719777851376,0.27699697676664625,6.5468297722616215
-9.6086365706264,18.45592752837765,7.975884898023766
9.945070582734202,-20.10302789740651,11.321812412083958
-2.752067549683082,2.22044245548428,6.491852750522946
10.266247870714995,-18.806619540916955,11.112554241119941
-0.8187559538350094,0.6039351822715648,6.41750251247757
2.9028722074717748,-6.1590241468946925,6.60855923234703
6.572911382130919,-10.159814369257026,10.37207638988213
-3.1557589694069463,7.613444680505977,10.19939646502635
-5.288142282409583,7.8611787665693384,10.235222795326651
10.861233801452743,-17.149716755613262,7.7610215337646755
4.15234193186079,-4.891199477176219,6.590142379289615
2.301890998153912,-5.9707056407401256,10.15730845603261
-5.048234276681153,6.5235070685141805,6.6397019581112575
-3.8982251339558807,8.965855023704353,10.241508091248747
10.4789967270659,-17.34486196536613,10.990636795344784
-7.36796495640439,16.1923781837043,7.673502585490186
-2.154696496867075,6.630252542466014,6.678172853351066
-9.885409600660942,16.269633062322008,10.844951041210328
-2.336726018633148,6.081148074593013,10.168616332686856
-4.837259725049952,7.916090137045192,6.735216734911753
-8.37780025722092,17.073480391591833,10.97789159825077
-4.020487744729676,8.176438832559755,6.84393408388566
-1.9229293068424413,5.2664898008629795,10.056772707875837
-11.454331495070381,20.93204741012289,11.414384606677721
11.694787406363726,-18.63615079778226,8.006762310708837
-10.736728430841952,20.57442108724317,8.239169189033554
-9.227302439021758,15.95468278907561,7.610773375767621
-8.334493315198257,15.290835022561538,10.769805497116204
-4.825818554373331,8.009637828462163,6.72405789350703
12.315494933210967,-19.735640208123655,8.189049702603747
-7.84634248592942,17.109033972108627,7.788792705321393
-6.384458088544774,12.591693637504541,7.158508394860584
10.847599519784772,-19.88030645542836,11.287146574714663
6.502145715371751,-9.16888913379694,6.872020121368036
4.413060063732146,-6.177215193269286,10.171824896772488
-9.798190003243318,20.654992908288346,8.380414583473438
1.2938465834650152,-2.3821459797737394,9.987454324770008
-5.0601680922194,11.079580715530524,10.394261090381752
10.238763781159705,-17.82289512601552,7.833999209977876
11.166349228362813,-19.54352504999458,8.084051672790775
8.849725522351656,-15.229364540094487,7.480181047762125
-0.7994556586917086,0.49232315599089477,6.414952794028699
-7.163796303144908,11.382294195512413,10.444329997641505
-4.976790879875744,11.817138459486262,7.067428111525896
5.682275456975646,-8.663491886177445,10.250221700848774
-11.583892220948947,19.362927290582356,11.250595390880536
-6.007782128454846,13.768788982143585,7.302097351677695
-1.9729619047279403,0.9082921868436216,6.530406311126851
-11.57381168039882,22.046759726414393,8.52608010922502
8.335070113477512,-14.389209476882296,7.4256796505626355
10.054274744396261,-16.677677122491833,10.891624553935403
-6.5904115100006155,12.143457761613735,10.473752744194469
-3.8804819922694787,4.334227060668366,6.545101974888209
-5.569922666539106,11.153996673170639,6.991964626772813
-2.676292843071926,5.832943410657056,6.693549092452223
7.245396549371937,-10.57483663391802,6.942351611149568
-6.519906384617134,14.628713612001732,7.398550629039371
9.842299695212533,-19.01149329522568,8.025359604096321
-7.650180836091066,15.771808509025224,10.804790904476318
-10.285296251086937,20.6451688890268,11.33808584475469
4.763636836333119,-10.545815917760189,10.341760741213278
-6.417652622665709,9.068171844744048,6.883144298513985
5.012961439863742,-6.428681671059308,6.708226881104494
0.34529757555468465,-0.6758349141995614,9.999706170613898
-9.290564245576418,19.63118783070773,8.187920615169439
5.188888209690601,-8.594478508854642,6.875352508087464
2.9868083970815578,-6.401264622358639,6.620100901459014
11.298622469421913,-20.662359525536864,11.368477875860476
-8.252286936567625,17.02867193572527,10.891864298386945
-8.719257346026877,14.09234724895425,10.643220669216765
-9.434693797410286,15.483094955812723,10.803890622176294
-3.4441836402452846,4.531947735261225,10.04513234666417
0.25573361545703477,0.4851688672174722,6.477753643781041
-6.157660159542419,12.191145675486904,7.13726565704529
6.61382480651863,-9.459439417095854,6.930071112147377
-3.251592916457298,5.959866146561254,10.07548723161165
-2.8809580521635763,6.241048349685569,6.707070109911088
-7.808549322520433,13.374526291543784,7.272307838050278
10.750170579395075,-17.87832445035746,11.015444171677046
-8.670919166057754,15.819110322358712,10.765739922239172
-9.118047534930968,15.887935469167797,7.554268260958932
-9.695354363858927,17.715308123901323,10.987044930643151
-8.534756177486257,13.797948423528767,10.637422610890324
9.395937293870093,-17.11669516424703,10.995290860542214
-6.69536567460705,9.600772951830642,6.939461876124538
-4.074538555334822,10.202529323206134,6.9435246603269585
-1.2605631996338151,0.40926668528786003,10.046361215002932
0.29794314488350476,2.2422091465322023,6.485529036439578
-9.397584677905455,16.316200708282345,7.618131676778375
-2.835842572198277,4.3318531099789785,6.4883937634423345
-6.987358135799549,15.480708129362453,7.521968108736665
-7.1316998330792165,14.886122028259786,10.70643635989857
-4.036126083101009,10.050749711020845,6.918425995148272
-6.769948453936145,12.367236549477386,10.44998775730995
-9.197940831955364,14.089142886814727,7.338088551454896
-3.6702150668228684,5.7866778685756834,6.626639636616692
-12.716828550524314,21.46160497546778,11.509835935639256
-8.87201206812144,14.472384429144768,10.732063023041164
-7.0314600778323735,14.613431655163748,10.739006310383175
10.489948022354382,-17.462864150154356,11.007933149040563
-9.197063701697548,17.73043120617528,7.837896108892971
5.493504893396072,-10.940015107704612,6.955498954362974
-11.358312788808446,19.918912577671914,8.228586016100058
6.7016294262076,-11.284546672899602,7.0305104951874355
3.828614815617233,-7.9594564905673515,6.684834552269184
-6.158150307627709,12.181372903100804,7.111637317676443
-2.9182360670377574,7.099020827289303,10.140931387593808
-5.904531130943046,9.888836440135858,6.886812170137422
3.018893324653582,-6.525346221866668,6.638773179306951
3.1972548581082614,-7.6220368370282365,10.151305989552796
-0.37269053917715594,1.6532638237137662,6.5403736877625915
-0.6688530374876115,2.02740516065558,6.540357165285415
8.018614846273982,-17.36553504608211,7.736326895821162
3.8372281122107164,-5.990606956494396,6.702759395569689
-9.372818385521139,19.81806355034309,8.180420916725039
0.7461679035188904,-3.14307117855202,10.05710780261095
-10.348238715067302,17.08796544397046,10.98329457405019
-2.3942165820549866,2.583829971787281,10.039610717630822
7.928921649310149,-12.641783608562116,10.529688642714065
6.440525221859458,-13.625129918865483,10.581500968137096
-3.8546852418386237,5.125083926481187,10.085746953577448
6.910741421353445,-9.883652651349305,6.904675872776616
2.22765250523652,-5.028758061317484,6.510687252464477
-8.978916606478554,14.572592149444345,10.680528708577118
-12.268607120246154,19.66932277317699,8.151001998038394
-5.662985681385827,12.217645837556793,10.47510558655384
-7.930877265653048,14.389963281517332,10.672389895668285
-4.1769791857748455,4.903071318140426,6.5770307199940055
0.7221624177589226,-3.071327693932476,9.997050069303178
-3.0536840563188243,5.591036534237999,10.071425015048257
9.929970114615125,-17.330008760170095,7.821341126112613
-10.16376247090004,18.60658301424253,11.114056160893195
4.917760220609115,-8.978312822542655,10.239452877543858
11.492288031731402,-19.296963871967197,11.220191141644548
-0.19176630184095492,-1.49983223492291,9.974556471431582
0.34483675183623136,2.065856172161064,6.520627347703992
5.9302213153997165,-12.668130457791452,10.495289872993903
-10.67357225597225,19.502731576123207,11.265679906742125
-1.9126979883774724,2.6210504958788334,6.483415695867081
-7.639118745081078,13.103893444451703,7.249508679122594
11.657497113400863,-21.424523404099688,11.461257522979853
10.019679766875056,-16.39222572879565,10.84568799480942
9.366313574699454,-18.092214550666508,7.892668823949603
-5.921292522089576,9.043353380174617,10.29922533542617
-6.973947865981012,13.727848398459129,7.260078763283863
-0.8643301015699226,2.615725985435512,6.517075501900267
5.102221734382451,-7.515295333437639,10.171442916154238
-8.72769315230996,18.668685016132002,8.007361488545422
-9.398483895463942,14.404463717858606,7.399679561292947
1.2592741201945443,-5.0480937857056505,6.608741880307091
10.61753793171401,-16.702470283760906,7.660954375890296
-10.054685062588069,16.616677251537485,10.875137586974184
9.58420815472504,-14.846673696796755,7.4582030024083386
-3.68602970233558,6.723373156919459,10.149212541971423
0.9088909586470247,-2.540670364635722,6.504732561607429
1.4082216128591072,0.07046838713726852,6.525800024610022
-9.512466771204274,20.16353290993691,8.26384261500806
-12.628376483828983,20.428046325467196,8.28166839806761
-9.0476273420817,13.784666551886176,7.312759328640964
-8.001487286049166,12.733290410507106,10.540954932884512
2.4569472783752033,-3.587473966506903,6.59193622459198
1.5378814132862137,-4.680016929098681,10.036079455002595
9.366436003985912,-17.969980200754037,7.850905330193564
-10.082604562792506,15.765548698282412,7.544078367960475
-8.07912562369196,15.64309695257081,7.50956631367769
-1.631916020317889,3.065763649642059,10.004165390620464
2.020290679377774,-1.8660798800726512,10.016607435333817
9.559263207650348,-16.566997725205827,7.6714438545303905
4.545530662188216,-5.683015293147702,6.63751059487339
-5.070476894971261,11.09705109307714,10.412059694918032
3.4084620832049333,-3.4078375862349644,6.594293157302824
5.3096564951903975,-12.365556965197802,7.138295613972714
5.067063205545215,-9.392368106930997,10.23809851827498
-4.952822547803305,10.85490473227705,10.421927143443538
3.4088704790985176,-5.451965632089115,6.680997100990835
6.640426840471047,-14.893677258023327,7.41088881010445
6.787337318787084,-13.282699789426756,7.238755243107988
-6.007854569896428,13.651778432395318,7.307731040003019
8.580823761192315,-16.66947799251664,7.6460862949261985
0.5932515728541856,1.7392576922745573,6.463242610223251
-4.459964061711516,5.428821443006155,6.576559753175309
-3.574514725234171,8.413035034264633,10.252462985738696
-0.7821678977985491,2.3773793860399675,6.547831541511604
4.665425326182819,-6.773525309315529,10.143020821967456
-11.097088517744048,18.426473733021336,11.090034315599993
-6.202255251406257,10.379669908657437,6.902227748785562
-2.8486690489572917,8.049568917219966,6.82434096225785
-4.622452185634423,9.392183084972338,6.925957048302879
5.040714949263226,-11.10648552982257,10.37303365392273
8.367647180002193,-18.03128052742021,7.8350965187701025
0.8248253578161137,-2.486488255484873,6.497298004994932
12.42513691837591,-20.011378897538357,8.231936349066773
-8.369181758696717,14.338533779568182,7.399518872137018
-1.2827065775164317,5.102500833902769,6.633151101472674
-0.7563428929019342,3.2223593521022758,10.07820612890967
3.4627263146460137,-7.365534634415312,6.72420964562716
-1.8056054961923698,6.032745011714742,6.629767482263878
0.9691172446902481,-3.5852192660710904,10.026018839116803
6.84593193318015,-14.319909733816612,10.689247163505247
4.408641920016489,-7.143171730477593,6.750156392157451
7.266664945806122,-11.385385894886774,10.467896238408454
2.9751566862362284,-4.558769264372175,6.651240526816311
6.621175885089946,-10.258412206258878,10.350937372974139
5.146784836574268,-11.280585172463402,10.39478927854939
-10.052227852277236,20.1357752251816,11.34447520829295
-1.212782613359143,-0.5013188436505056,6.478740692030485
9.309413453744076,-16.981300765011092,10.920556238480211
-10.871841892145076,19.054761956908195,8.026691470839879
10.738077813577894,-22.45648655159901,8.614130695324365
-3.553041131872701,4.6272905985149455,10.043745312365811
-0.1541280892540475,0.3267774547078417,9.950472924760376
0.7370535804484969,1.3481832877669204,6.5340044266693456
10.040008262579276,-15.597018223182111,7.567064120276424
-9.865167612296968,16.229722779720582,10.859804987785544
-6.454323072309341,14.563831469149292,7.454396473594929
4.148862182811385,-4.817909126760215,6.587344994693529
1.9083158978883832,-2.6523660362666526,6.533346374034092
-3.1611893379789806,2.9380542308232616,6.518262464963309
3.593655706389812,-6.5493019583131,10.140957997943602
9.418680009676637,-16.390522178292812,7.638965536188717
1.6888152903206837,-5.856993672758819,6.674279780346806
-11.534999433962728,22.07454807619633,8.600239961017639
10.039569905613023,-16.590450103447626,10.924632444513907
-10.83406804470727,20.83397014150181,8.329046129711628
4.859712031334551,-8.833977445008673,10.262876120578259
1.036305411796855,-2.804309405429735,6.451330632962014
-1.6325363939110507,2.033532484711228,6.483846375364352
-10.735405827402321,17.749513781248947,11.016346504198449
3.7026549463760583,-7.800360747607728,6.761942284254173
-5.432492635842641,9.052035529074077,6.798258042139396
-8.382456240344617,13.530252725894167,10.581542076975483
6.504514934516299,-11.872496156387564,10.434036711154526
-6.595909549426517,13.044970548220507,7.217553021108202
-9.184200243982833,14.934790781405258,10.74860249057514
11.589279554195727,-22.061333791533688,8.579829580088072
-12.055967965500258,19.295489530665126,8.046954018715422
-2.098902256041221,1.0217656362608856,6.462641690825857
8.78135752314517,-17.955454805459322,11.022226148649917
-0.4524079979120357,-0.10324254549437019,6.427387742601996
-9.343662216394028,19.919033840257228,8.254453724922723
-2.591823564012587,1.9535860030723036,6.474528626090125
-3.627185864178166,7.4891190382746435,6.746924067345285
-1.987762742110102,5.382686347184475,10.047428194167505
-2.575608514756079,4.725790520961947,10.047309962104126
-3.016633688232187,2.7623046482055282,6.482182242446819
10.578716577168299,-17.484803933271053,10.996829391925557
-4.381591381380964,7.078423288223901,6.699091474978617
-10.229749623495778,15.913171138532,7.604164949005729
-4.598965212007902,5.60818055874693,6.588822041524931
7.107700913117485,-12.994180509034623,10.588696966752892
-8.713476270062952,14.216594509763475,10.644959075083273
-5.563828357876465,9.201395512910771,6.8555803612260835
-8.126370115441032,14.766024994482772,10.724421325684794
7.859538934210878,-13.398066148713413,7.307202025759073
7.306669960679565,-11.485308162327964,10.393948892158928
4.33181824791976,-8.748707968435832,6.756146351798339
-1.8137860500051508,5.129031616159966,10.106884855031534
3.1722297835280973,-4.924144414838505,6.646342925271131
-5.629428427365053,7.5723738581804785,6.789401313764233
2.7648940736642214,-2.2162058902730237,6.51147997546275
-3.3037429545505876,4.234385935071276,10.059372228221493
2.7788218033435492,-6.006114682645727,6.5736424287787525
9.169998796064272,-14.030994559501606,7.361164526847626
-7.7992826247840945,11.528782226227165,7.100283314710012
3.6022967942472537,-7.577890045493428,6.748170447611582
-12.570507479306862,20.263214699226594,8.290836116747311
-10.93697940273278,19.122723382909122,8.04013386837603
-3.728324052898117,6.887400385673228,10.202228875135246
-6.9827661512962615,12.760483502573374,10.522164217418661
10.485580173999237,-16.497228148795756,7.71644352846157
6.709053025866699,-11.354033162637366,7.0306140385656715
4.202682792660953,-5.835196479937862,10.099514448114343
8.554245952084761,-16.502927513413756,7.698742512812968
2.9234713779142845,-7.18896108075234,10.185447460697253
-5.227180975468518,10.593852372529183,6.938730913893833
-0.8680237835457555,-0.32452513613984124,10.042518764500818
4.215184767525604,-8.668613831281021,6.794150396827608
8.185979306418607,-17.73450817266131,7.812084645810914
8.669916823807744,-16.68952426442195,7.635423785831208
5.68648054607455,-13.043096829296921,7.230551609133854
3.401812551500998,-7.0658249265430095,6.708966471887623
9.833397382731443,-15.322833911040004,7.5085849310343145
8.388548241309193,-12.515799205970486,7.156647501719158
-4.8675197290234165,6.209922852788472,6.670925659690018
-5.872430272417778,12.691332464892309,10.5241617717157
-2.2209504536226863,3.231487307843776,6.489423425861298
-7.293563964919277,13.341595996879569,10.617130379085852
-8.542582118695325,15.655299937580422,10.78592760923152
-7.487556869349822,16.381468669700343,7.6121054628615825
9.935967548409579,-20.879014048613538,8.403241350565196
-9.99394170220801,19.14597061594714,8.08902695714835
6.693267475824019,-12.376425839950832,10.517954885300462
5.896007091059174,-8.905957772586255,10.305381566616532
-2.007684423048306,3.5671852140458578,10.030085585463127
10.95101618635058,-20.00804363028652,11.308817761045887
7.201984770279051,-11.308133731855701,10.418637929642808
-4.069100515124924,5.510075068556776,10.13697863118778
-7.720344961730223,11.435064925058406,7.07610772303733
-8.553600639002122,17.563058043961398,10.965568049795982
6.569550143216757,-11.112287899375634,6.987885695521001
7.86360347917034,-17.16280100444496,7.777035389571689
-8.01884698046884,17.39501306389058,7.849065107747667
-7.3021823550854466,12.369122224320083,7.085363511492954
11.039751614755009,-18.44819150631595,11.055762252245612
-5.206280764813555,9.5580830152405,10.290250670024186
2.539058830180582,-6.45444112799167,10.151797730292449
0.6663317275025522,0.6033209841468825,9.9697413016366
-4.118790748253636,7.494551594149679,10.135808612950429
-2.6912294583254344,4.0303693106612535,6.490887059312218
-10.669185661307312,22.279825596000823,8.630920116737862
-9.536352398239575,17.42905594632585,10.974624710661383
-11.664179267109235,20.45504082986888,8.260600293463014
0.5636627408271486,-3.8405637368569314,6.539879508558283
2.839093533129417,-6.128107868120578,6.619324163278791
-4.374461683972053,6.169569143970109,10.117875765136313
-4.941494203709901,6.348577203144793,6.70433571956722
10.513802073556352,-18.390152839736466,7.905430394393518
-8.26827338260221,17.892180609684925,7.833008169364825
-11.865468399971189,19.060586997030306,7.993450365424006
-3.0176072340730244,3.593540675009026,9.993379789072216
3.622080173221707,-7.618704651917086,6.6690845345071414
-8.17050807488705,16.822097160976625,10.91259780096598
2.419897962400631,-6.256875334452711,10.171187504416668
-5.657939655027028,12.153064719629231,10.519200653054515
9.62658542201881,-18.523258556301236,7.9675882710020485
-11.498712728906881,19.19083486491297,11.223869533211596
-10.749996435047276,21.568596748177647,11.493846454430743
-0.7069119809673918,1.3310348676948862,10.038317543700378
11.445713326101584,-21.8406512855139,8.564386890674347
11.043653955180302,-17.49529144895304,7.775199374145064
0.6787925566915707,1.558281043824703,6.557386756866731
-7.532253081408631,10.962634522560428,7.013771812594087
7.353803640498969,-15.314631786525547,10.72198051847648
-5.4897360654666025,10.142804446888118,10.313379637279608
3.1031915552831193,-7.5331190691571175,10.191972543222121
5.981146790488195,-11.865664810313534,7.081660761187524
5.6664599481256355,-12.286638074438011,10.443742471214016
-9.033388761626837,19.293401542242066,8.135725534391376
-10.432114910561701,17.351118302311033,10.968453657545693
6.651335357544246,-10.332207601498977,10.359033127034625
8.81411839174347,-17.91541620879838,10.992146593808938
1.9933967956973468,-0.8302836616627066,6.5178858611408
-1.210983232498475,4.968513715806194,6.557974629166065
-9.557419720765733,17.511913322128816,10.943725079767088
1.7408541397245751,-3.190781153698158,10.076756394883613
-7.526289025103438,14.62870325512685,7.456933920887664
-7.801906769875876,12.355344484746363,10.537570583947621
0.2463953200466894,-1.2920592344125963,6.4657990384184405
2.8712917583590207,-8.029415559648056,6.824115363823026
7.458680212653162,-11.798674279935142,10.427945261661057
11.238532038375727,-21.447501471408703,8.428252145584436
4.971774060303083,-10.005577682923887,6.8463080797896065
-10.79212904091321,22.603222700025714,8.73259486844406
-9.76710930403556,15.080191137173111,7.474756052333892
9.565732065800383,-14.678583628769086,7.4756936727586805
10.506705435643294,-17.311158113499744,10.921209151627824
9.492456203420167,-19.276439062636406,11.22556199746379
3.2117471243238915,-8.590064300126867,6.863741209923876
-11.532968050233904,22.07999512667725,8.60930571898628
-10.039512769460309,17.538771076899437,7.794829482139495
-6.070190451533299,13.004108033249022,10.594109020526394
9.907090209932175,-19.089028752179047,8.0859513343034
9.037604476503674,-13.758376112922068,7.32577795336626
-0.649881387915221,1.2042325154661668,10.047073321182927
10.320779712914112,-16.111709786037405,7.635666145429039
7.351280606225632,-13.48142883696952,10.580297085724462
-5.162484413046898,7.562852568894129,10.21076758178867
9.748628167702215,-15.99091948894475,10.815023558130369
-4.995766242275453,6.35051485474333,6.717967013320148
-3.7090811668433443,4.90315969854118,10.098160680712521
-7.784012543858761,17.015921570659277,7.758784408665576
4.689171701103159,-8.602403860402404,10.240260783831028
-4.256005027481449,5.0752279926371,6.581446624764717
5.782129842095878,-8.70053576032583,10.27471857047752
10.352576263148835,-18.906612459022544,11.164558402066108
5.568735608501017,-7.492557363278284,6.757694423617898
-2.756764017282897,2.271922167553294,6.519239503924406
-3.070616213519132,3.6631663836126176,10.086498734578926
-7.903468684144587,14.501630744192868,10.725307195506561
12.375578129006215,-21.73141570715359,8.527746042771202
1.877817712719321,-1.5124368537554878,9.983945216030262
4.08528600705226,-8.44447859346842,6.772025518178947
6.252312056098477,-11.457801673635576,10.406970847659704
9.773007412364748,-17.893152683774726,10.987604106359406
3.034004355747352,-2.7973517408737716,6.564900007826084
2.1547058346708554,-1.223827678649977,6.539566790732087
12.96891136454795,-20.994263690230948,8.398613454536472
-1.4967546110352115,5.399851747212636,6.60212179401868
-4.146314775142018,6.633594791759306,6.688318891127968
5.630623267267535,-7.629212739829117,6.7287742627345155
3.0023154979885227,-4.665401195014816,6.603839977613045
12.765171654800618,-21.499242213858746,11.506449011097766
-1.736732277856409,4.09527277313857,6.638115022201096
-6.144636553265023,8.570557386121562,6.840618633473801
2.219746804570617,-5.929565961069358,10.107906528776988
-4.231455845368955,10.50241576656337,6.957881839582139
-7.049413952131126,11.114903717613272,10.352315504392497
2.321146501518529,-3.259176570290709,6.5993167508450155
0.04295348832006418,1.7589751043005764,9.969668912263232
1.4069022285185486,-4.4504989964794985,10.093460751947402
6.837013000367342,-11.66987890858445,7.095159287090238
2.1048104061594457,-3.8876091584570758,10.06582740977834
5.82693821265574,-13.343208571820712,7.280721957807268
-6.308553354372344,8.88483463346857,6.80226809744153
-0.20386568669558297,-2.299900190150351,6.495298324735023
8.283915811409843,-16.089323063565512,7.5995608819661085
9.011854027830324,-19.235320277211194,8.03162722042628
6.1163475962820515,-8.380258707227632,6.837732968380506
-11.629222559278158,18.471123697038724,7.97771824960721
1.6396407708771958,-5.805820690223974,6.600969346631752
3.722157645061359,-7.774848116861585,6.733713951601691
-3.5097524290666855,4.49897661345341,10.109719213256838
-3.145293996348573,5.849518591741184,10.131256106413334
0.08025591702010536,-0.05772421899685889,9.983895343228953
0.14288520725209572,-2.1312824628058715,10.015776359841292
8.987770407962957,-17.34144921429062,7.807542710491371
-3.2511563748688257,6.0573974816404785,10.100789851870891
-5.257473603288174,9.677423364505318,10.26648765679842
5.046322058722188,-9.282792680759746,10.264325710285506
-6.116839602393864,11.275127470311283,10.381618205291975
-4.691077073717604,9.479081559180383,6.850542348879713
-3.548234303618946,4.654700212092515,10.056241059792745
10.349864821187202,-18.06839445483449,7.93151240926506
4.380580211017433,-10.795382925257071,6.9432862828908
0.8008794111411295,-0.5027120417520898,6.4996455728791895
-2.2632150178203285,4.228777451817672,10.06538487110893
-8.990640127237667,13.728139426488585,7.321159568162874
11.151062446999747,-18.571508010164088,11.0829185421476
-9.79116337700624,19.800802013187987,11.209000896471531
-2.7174415888049297,6.817555287203293,10.113461528396247
12.118235755042315,-19.540358644818905,8.131941189993059
-3.9533371448326977,9.143851859674367,10.31138917860599
-7.718813409031032,11.325310976238647,7.059957376204348
-1.7660926966111805,4.1623998222141525,6.642168846017889
-4.965465770467761,7.297166256017626,10.219001250976216
-10.915535103874848,18.252621037952288,11.129332264091982
-9.165142996705846,19.455934227553946,8.124701256245011
8.224740749164651,-12.32961326981081,7.147484329025137
9.94175054464716,-18.166852915942414,11.088257020846575
3.905372995341266,-8.890671541915047,10.234246656434784
-4.704969316654048,9.562080804257548,6.941636536046426
-5.13726731937397,7.4722108495998985,10.227418646904958
-8.580835466887573,13.853932543903813,10.589899422646626
12.107528147162803,-20.258124226429636,11.321188826404168
12.418829906095729,-19.969050817459024,8.19315669198251
-7.3595725773610585,12.551746897018152,7.097964390762455
7.855820316804261,-16.08055772192068,10.832825553127456
-5.278355294750412,8.74077773404028,6.786174189764685
7.9494167791312105,-12.74207139004217,10.553844239610088
10.65124495893587,-21.368609035419844,11.502575353267654
-2.9198301288391226,5.29969498070062,10.070882409132427
2.1300300898527667,-6.696143145350746,6.6780020996676726
-1.5852774078730096,2.9232075812676466,9.99638107775501
-7.287410480380689,15.137203340415693,10.715305398195577
4.778036287188571,-6.919736139390157,10.171965939949802
5.554095488731364,-9.23015828609479,6.865596723814413
-4.878636873219309,6.175596795596666,6.68902418682004
8.9275667519171,-18.14422704557352,11.032785177407167
-11.256585963483216,18.841664533665565,11.105444278181231
11.361150972590364,-21.742403883861723,8.506465978917538
-8.795931556040122,17.086963233473913,7.7597742408989925
-3.725497638237856,8.589895606455732,10.26116461250247
-5.848194285781296,10.714522518555917,10.412449844906071
10.54397039749225,-20.13949524188031,8.206303705251468
-9.331132089685225,15.297177135756014,10.783216110972038
6.79715389742445,-14.25784254192572,10.6217995519571
7.297169411172436,-13.339572813978663,10.531860414281516
9.16888942252811,-14.899864295145285,10.723822357310437
-5.775385238869785,11.48703015330341,7.03638296062836
-2.180973730372647,4.7865577446793575,6.611517209171968
-7.233398860502014,13.227189779295088,10.60205664984279
-3.329946734279444,5.119930291398103,6.558001240722201
2.829671853596665,-7.107181299865444,10.164063399738193
2.8160004315602536,-7.935156725668586,6.794138586049901
-0.09536819807532247,0.9986720662230442,6.538183343420616
9.66541223704195,-19.450257169092133,11.209727969503339
2.0284399299230524,-4.556593018831977,6.506587250372414
-3.464192932740693,6.268920590390695,10.15866830675268
6.426259159081669,-14.525393500501057,7.383950112376914
5.911202169270752,-11.630787147130054,7.050283629344784
-4.420524590321316,6.349936898969362,10.173488019094522
8.488156808164579,-18.233840556247987,7.889193481888043
9.059607645443107,-16.635013030384577,10.915806297599886
-5.854180471878398,12.55105773236768,10.491591420719873
3.3457967769078962,-3.3412508624318784,6.584561089532409
-3.289832332342238,5.108940076948854,6.60790922452399
8.067297738195654,-16.541312457858474,10.868790987776995
6.395995127302361,-10.842615220564484,7.0250430098403305
-2.4099755059178856,5.27743859472599,6.635040263630014
8.796720179682211,-16.06974278526978,10.802296537394623
6.590666833528681,-14.852085233874366,7.43473260331769
4.360640617906966,-5.19515735936233,6.625813309703968
-11.293387517241142,18.013321586717762,7.919647880898779
-2.179928529293951,2.0600543949326013,9.964513546535722
10.546469598147539,-19.185502457982356,11.244191187260675
-1.038890413793129,2.7763431609436675,6.529858199890581
8.638477671020894,-18.637893707590322,7.951493198630648
-5.422473860752426,9.088097680300983,6.806792950756053
5.190004313081028,-6.765320468106669,6.683254668899243
-6.491888338673204,14.554973065798798,7.456672910064117
-4.26983109511107,7.892073436691897,10.155528147136943
-4.002152174474328,10.036099078480293,6.901699941857592
-5.791650159380828,10.551245068812303,10.381791730520442
7.747177762203636,-12.283436611330519,10.450975534826606
7.189595213220415,-14.98009869065806,10.70832958356289
-2.6409067784283398,7.568207550919351,6.7565959217603355
-7.953745191230409,11.784379643040246,7.092402962539922
-1.611662521908152,2.9639118228004295,10.041304016661076
-8.188341477918032,16.757930774350193,10.91717780309668
-3.7088829292112737,9.567154534361457,6.902535912862469
-4.385933186774841,9.937634967625836,10.2700596518271
3.3620823478571062,-4.410809031431464,10.016563021189333
-4.381938635679555,5.269377976318764,6.568446586208312
-7.922049629457991,12.65162266275472,10.518965173425723
2.2761826955533584,-3.150327797435199,6.564920180482356
0.3128971511808527,-0.4961191847047136,9.994495916883578
-8.650080176778985,16.701472996813585,7.663035644725564
-4.53932593132394,8.310601464896775,10.189165264863135
-12.297090976002085,21.656274671775236,8.511304217560248
-2.4627522140021996,4.488863764834385,10.065557085498137
-9.034709199199488,18.433512574083036,11.091126314695206
-6.948999050622363,13.518714547261334,7.259184242129099
-1.310295898383068,1.41067938263647,6.4365908995923435
-10.423239106586431,20.003700659234386,8.150256466939398
-6.101408556301177,9.387755942955996,10.271599236111811
-9.949428733316786,16.392658328765886,10.9044380453159
2.5285675149134663,-6.412650601003195,10.09961651100133
8.344556739570576,-13.343454430348087,10.609036415101652
5.447033711310949,-9.943682393003376,10.301868608916534
-9.405485452190543,20.00569466607441,8.185216037701604
4.159121252142863,-5.730681510158265,10.066616631402342
-0.9798180596216712,4.465926238557216,6.631735558396176
0.19195794500495109,1.5003879942643779,10.049869857277375
6.324185752193982,-8.762040098465665,6.842838422149245
-12.77408300651385,21.541745453152394,11.521722295190326
-10.71754799981228,16.88283701560647,7.725280573574907
-5.577504169288895,12.890684080286517,7.1909918143415155
-8.800050556803235,13.41317826741625,7.281869101417807
-3.017896429399986,2.777456590613248,6.565252593202875
4.674106928689297,-6.7603755911605266,10.151373884890619
-10.685311909486542,19.492028366695415,11.268557335165879
-0.3760115601057827,-0.17923729274935724,6.400863655878408
5.254046585662814,-11.517106802388177,10.441517497831269
-5.140543553321326,12.189951127344177,7.1895378385698505
11.924712668429375,-20.968516417583267,8.351159483949917
12.645879893962388,-20.390574970224364,8.320425572307066
3.009805826677035,-7.299174847824756,10.14711003668937
10.34827012827306,-18.99137595980181,11.16484764608344
8.750840278444139,-16.927797774881782,7.750894868353146
-10.817024706934673,20.617658905283026,8.281057481017747
-1.5508074554025302,4.66387315672807,10.096204070170122
6.421952531376891,-8.890215310484422,6.873211495888426
9.864531132434834,-17.061206923809266,7.7447562053543155
-0.38136516642818186,1.6508659071558038,6.553290136579778
0.680055310654407,0.5409678195224232,10.020571505999673
-7.382273294667983,14.333716509153257,7.3514393495836705
8.350581540038617,-15.36013487073735,10.731269669157207
0.7469492271828917,1.332715195219113,6.534905593408669
9.231582254010021,-18.66280352697505,11.169104246497657
1.8435654075312533,-6.074841885775735,6.666089478322596
5.048554201191757,-11.08510501861529,10.3753368417514
-1.3724239288385272,1.6077781584170023,6.466415994384578
-12.337893818645139,20.772334830744192,11.429264482277526
2.259408868015799,-5.0663303727798885,6.54558807370377
-3.175183001595109,6.693253823008552,6.732914704044038
-8.614139445376695,15.761110989152638,10.789468651217726
-1.355005933540492,1.5940333762089685,6.413756034061832
-5.4677296783184905,8.186251531870088,10.194265782181185
9.805057797758696,-20.632140763881882,8.356627541042746
6.972840471512817,-10.074060791159985,6.953173807047107
3.1908003446972795,-5.897082883002353,10.06721549246379
2.4656692836583622,-2.6018720992495235,9.995700454003323
-9.017391137287582,17.513792541288748,7.846484221437668
-5.861745138411546,12.652314448766871,10.507253713971025
6.2952875078972905,-10.614373654753184,6.983965883994387
1.7558794265620197,-0.5341558752087608,6.538940359527505
-6.822644823681976,14.330611407691524,10.646615989563298
-1.1237465018423825,-0.6436779796838321,6.541946261645011
-8.138408939545,14.969352759857916,10.689961478672341
8.209608111354356,-13.28088174988013,10.585624368958664
7.764665302146087,-14.299352967518434,10.633235653761055
-2.5559573230029344,7.355245066314748,6.750974697822972
-2.757236361242847,5.091236856118213,10.092543331205222
9.050358355810639,-18.373094778713586,11.083945174010854
-6.0518159114010865,11.877829115906339,7.156323563028518
11.127827531143279,-19.420682682412597,8.132321561815525
-3.29525556653923,8.749967950810053,6.820183857922922
12.058592100639506,-20.26580509552238,11.363802164008947
-9.913951047707954,20.98950481819812,8.39397955976635
4.8041017318341614,-8.79156515227504,10.22433644127126
1.457977897125556,-0.8448878208424896,10.000852423187709
5.233193636398288,-9.556493673540146,10.33454830159886
10.636247151756828,-21.192633779494834,11.507147253126874
2.0056462026970205,-6.371079975625137,6.696150312354197
4.5157713059225015,-7.372646207214342,6.766033810816083
-1.565295523711208,1.9333250433843836,6.4728329677967125
-6.712525650636525,14.156587115408318,10.6398912183582
6.295857924243932,-9.653520513550339,10.329190632548874
-5.458586112548424,8.085929689778181,10.170372307283811
11.067985372417894,-19.34767166091598,8.09966537489502
-2.672716497016938,5.717533761201161,6.635398666766034
3.781567030743167,-8.758060374476218,10.223881380810788
11.06760760405473,-22.127209323208007,11.620360029959258
7.453269347544115,-12.728263496760512,7.218155994429994
-4.09475444760146,5.685359640800185,10.138304203792776
1.6883380144412614,-4.030727325942775,6.483698060089065
1.8184673261080369,-6.123335915587533,6.684661757596218
2.417448918403215,-7.090626436671461,6.67539697679935
-6.167523846033433,10.399614594023125,6.952674920219034
9.083041115572788,-13.845947282611478,7.322620969877032
9.587751654877904,-17.558612342004547,10.998947563844743
10.485715900062926,-18.183811903593863,7.956464497196145
-5.882561610899554,10.668052610686537,10.333465487691683
-0.4977797498711846,-1.8474554528203462,6.475981783741698
0.5186651296252074,-0.9045116666381676,10.000644376185878
-2.5041802173726393,5.565436433928144,6.653443107796115
-8.252326209344915,12.455741819786804,7.165833350712608
-9.951140132773551,19.210147711897978,8.09420046694436
9.048571864731905,-14.651800663102637,10.67354077215353
2.2819068062527887,-2.3494758177873485,10.047160854697452
1.3100539242887732,-4.2544370698377865,10.018276515398982
-4.58572581788687,5.666418914199822,6.677786201017654
2.330872307284013,-4.3169633411044614,10.04391315032214
6.626008402229299,-13.892020150542885,10.650432351214471
-10.812210052585957,19.7225554463665,11.24571431460146
-11.43570804803088,19.172072714379198,11.141583964043539
9.617968321008757,-19.473939232040518,11.232164862468952
8.215950270383717,-12.197739999983536,7.149645935428686
-3.8579473441989993,4.31420654819221,6.583020528568418
-4.0232680268751215,7.400261339423154,10.12610978709714
6.770641563491954,-12.356150863459522,10.507315660122897
-10.252787663356173,20.693068042142773,11.329214690615876
-5.381960711307413,8.912522801925949,6.816247857192859
-0.3485373298050717,1.6003776461640504,6.508872209869337
6.148801040392463,-13.084929455192249,10.590116783665087
-3.872270402392891,5.349849297137238,10.065657286215815
11.487806134654996,-20.154157342461854,8.263775235747353
-10.118877250715025,21.29704546531437,8.43977004377895
-3.911849096923479,8.135758715855069,6.785485701665897
-2.7282794405859323,5.882765080926187,6.653701373977289
7.765700145682411,-16.05734868230888,10.88854364026237
-6.59706206441288,12.188521618157308,10.458941544863054
0.8396906301154045,-3.419316266866903,10.012031034926206
-8.15935583244488,17.772279650079835,7.866553241261587
-10.450514954567534,18.257146894228317,7.9452654712546895
9.47867146572627,-18.210836515963614,7.940444284017948
1.0074650484048533,-0.04422730437634624,10.006712920203547
-10.950787087711303,20.831428851453023,8.320257017838737
9.66288452782836,-20.353328647066906,8.267755312607873
10.418760320792428,-21.822138201405647,8.536058661149768
-7.503431073229924,12.908412570821246,7.160281670821508
3.5640220820432655,-5.508061757865161,6.696058674291513
-0.4225312653511127,0.7004052021904318,10.009489491722265
12.621053327611406,-20.331770136396788,8.249792968478207
8.00754576437169,-11.906811780753097,7.115483698171227
-5.796525125181424,13.34803928565023,7.260623857773708
-6.503694559114407,12.8614304348014,7.233460566804301
-8.68206251769657,13.241801143948493,7.26604219278242
5.5897558383831925,-7.615816468417013,6.72725304460026
-5.181849094049901,8.534034458868668,6.812199591301957
-1.5912034688910937,3.010023569755175,10.036960242824245
3.394488673635358,-6.132479545772366,10.166551381124517
-0.6766313340470597,2.2260219299458885,6.52386994272325
7.819682969839602,-11.48391019975723,7.04971066465321
0.9557197301619804,-0.827921378600651,6.561135663352243
-6.2571910803747715,11.363250300377981,10.444509252549878
-0.2884589785350798,3.2238409169071898,6.59283806400611
-2.9057814876122166,2.6309776217662195,6.578234448649603
-4.7200100356496275,7.628601366332051,6.734366136515406
-1.027731263089732,2.7557319184055435,6.520571712066422
6.865736076904504,-12.573726741739996,10.46231901406581
-6.264851711450259,8.762050313907352,6.815812832762235
-5.993886223579969,13.714777942175258,7.327649003413496
-11.606139437282515,19.452186627152205,11.195526905028943
-10.11773793157859,17.573822929356176,7.802862692310462
-9.24477419928557,14.145808159772308,7.397018636336068
10.242205666278146,-15.870229882525356,7.580559482887016
1.4238348205687132,-0.8387083169285738,10.036126235976981
5.437615844880743,-11.712413865131936,10.41530924525024
-5.37862000547606,9.921765299599185,10.319799761449119
-6.238350492614062,10.454033277413755,6.933441013066316
10.787811550980043,-19.757624241921523,11.277153985401219
0.09769438852922802,-1.1778631951511114,6.489914920037631
-9.258533291520783,16.998669036962276,10.94144233407123
7.975637649930557,-17.282314103435823,7.798652811798252
-7.30744311488953,14.321089292507885,7.415607838797305
3.2739261782110387,-8.651980891532304,6.842443401501263
-0.37241031095308846,0.6778538115894582,10.031380946903651
-12.986329984788089,20.987208015272167,8.361686328277068
8.67739683587151,-15.865891367022643,10.797855680840414
2.8932468066652817,-2.6190677542834155,6.545650542716848
11.025612528597797,-17.493499644254463,7.864834834993335
1.3211862384083253,-1.6085460738263582,6.574035380276931
-1.408522425396098,1.6725341337159667,6.487929235678273
0.8639237584657643,-1.616561364363983,10.007640226551
5.116602576007356,-8.451373648476487,6.7922435301836295
7.146265567722409,-11.386638609029015,10.431591916323669
-2.2301695378837123,4.141296835353069,10.096561089095262
1.210905766032132,-2.1790221127350042,9.99618512669433
5.207955196367113,-10.426347759310833,6.8999129613033325
-10.258337118268775,19.633434671441485,8.109894480770972
1.0687267292218348,0.7643031936955291,6.52124161234949
4.497023225988441,-8.22671391253846,10.233929751619225
-10.2132516044739,21.434145172541207,8.47195775695683
7.106512863129541,-12.045376680050099,7.14228003828948
-10.846982820412695,18.863063428569525,8.003468063340746
1.1332146683466413,-2.1837831536237986,10.059575138908826
-3.9838402244357702,6.440830869104549,6.635720801572124
-9.339904595649415,17.140506473330802,10.904018326853448
-7.052782349718259,10.99401110906465,10.365567713105317
-6.986561932798835,10.042090438269236,6.916120158969033
0.6389684520225103,0.6898181749905314,10.033200812999175
11.36143805064227,-18.0679781853261,7.910347022532173
-2.2909129991387207,1.3801208120704673,6.555939140628839
-11.987950061802895,21.935129475056417,11.501804143796152
2.6212462546231388,-4.823305852891443,10.109608038576281
3.355156025319903,-8.010306980866496,10.201060814783583
1.3684934139767664,-0.655320015315129,9.983075889196268
5.465523520699925,-11.912740288001132,10.491193383180484
